participant_id,provider,sample_id,randomized_order,naturalness,intelligibility,overall,completion_time
81c3064a-f6e3-487f-8312-b338b73ed204,piper,sample_b4,2,4,5,4,220
81c3064a-f6e3-487f-8312-b338b73ed204,elevenlabs,sample_a2,3,4,4,4,220
81c3064a-f6e3-487f-8312-b338b73ed204,elevenlabs,sample_a6,4,4,4,4,220
81c3064a-f6e3-487f-8312-b338b73ed204,piper,sample_b2,5,3,3,3,220
81c3064a-f6e3-487f-8312-b338b73ed204,elevenlabs,sample_a1,6,4,5,4,220
81c3064a-f6e3-487f-8312-b338b73ed204,piper,sample_b1,7,2,5,4,220
81c3064a-f6e3-487f-8312-b338b73ed204,elevenlabs,sample_a3,9,4,4,4,220
81c3064a-f6e3-487f-8312-b338b73ed204,elevenlabs,sample_a4,10,3,5,4,220
81c3064a-f6e3-487f-8312-b338b73ed204,piper,sample_b3,11,3,4,4,220
81c3064a-f6e3-487f-8312-b338b73ed204,piper,sample_b5,12,3,5,3,220
81c3064a-f6e3-487f-8312-b338b73ed204,piper,sample_b6,13,4,4,4,220
81c3064a-f6e3-487f-8312-b338b73ed204,elevenlabs,sample_a5,14,4,4,3,220
40d24214-5097-48ce-a0bd-9ba75cdd2366,piper,sample_b1,2,3,3,5,297
40d24214-5097-48ce-a0bd-9ba75cdd2366,elevenlabs,sample_a3,3,5,4,4,297
40d24214-5097-48ce-a0bd-9ba75cdd2366,elevenlabs,sample_a5,4,5,5,4,297
40d24214-5097-48ce-a0bd-9ba75cdd2366,elevenlabs,sample_a4,5,5,5,5,297
40d24214-5097-48ce-a0bd-9ba75cdd2366,piper,sample_b5,6,3,5,4,297
40d24214-5097-48ce-a0bd-9ba75cdd2366,elevenlabs,sample_a2,7,5,4,4,297
40d24214-5097-48ce-a0bd-9ba75cdd2366,elevenlabs,sample_a1,9,4,4,4,297
40d24214-5097-48ce-a0bd-9ba75cdd2366,piper,sample_b2,10,3,4,5,297
40d24214-5097-48ce-a0bd-9ba75cdd2366,piper,sample_b6,11,3,4,4,297
40d24214-5097-48ce-a0bd-9ba75cdd2366,elevenlabs,sample_a6,12,4,5,4,297
40d24214-5097-48ce-a0bd-9ba75cdd2366,piper,sample_b4,13,3,5,3,297
40d24214-5097-48ce-a0bd-9ba75cdd2366,piper,sample_b3,14,4,5,4,297
47c96920-4d15-4b5d-8d7a-4a07c2f567fd,piper,sample_b6,2,5,4,4,324
47c96920-4d15-4b5d-8d7a-4a07c2f567fd,piper,sample_b1,3,4,4,3,324
47c96920-4d15-4b5d-8d7a-4a07c2f567fd,piper,sample_b3,4,3,4,3,324
47c96920-4d15-4b5d-8d7a-4a07c2f567fd,elevenlabs,sample_a6,5,4,4,5,324
47c96920-4d15-4b5d-8d7a-4a07c2f567fd,elevenlabs,sample_a2,6,4,5,4,324
47c96920-4d15-4b5d-8d7a-4a07c2f567fd,elevenlabs,sample_a1,7,4,4,4,324
47c96920-4d15-4b5d-8d7a-4a07c2f567fd,piper,sample_b2,9,3,4,3,324
47c96920-4d15-4b5d-8d7a-4a07c2f567fd,piper,sample_b4,10,4,4,4,324
47c96920-4d15-4b5d-8d7a-4a07c2f567fd,piper,sample_b5,11,4,4,3,324
47c96920-4d15-4b5d-8d7a-4a07c2f567fd,elevenlabs,sample_a3,12,4,5,4,324
47c96920-4d15-4b5d-8d7a-4a07c2f567fd,elevenlabs,sample_a4,13,4,4,4,324
47c96920-4d15-4b5d-8d7a-4a07c2f567fd,elevenlabs,sample_a5,14,5,4,4,324
c531dca6-4181-4606-bf98-09a7fa53a1a0,piper,sample_b4,2,3,4,4,296
c531dca6-4181-4606-bf98-09a7fa53a1a0,piper,sample_b1,3,4,4,4,296
c531dca6-4181-4606-bf98-09a7fa53a1a0,elevenlabs,sample_a6,4,5,4,4,296
c531dca6-4181-4606-bf98-09a7fa53a1a0,elevenlabs,sample_a2,5,4,4,4,296
c531dca6-4181-4606-bf98-09a7fa53a1a0,piper,sample_b2,6,3,4,2,296
c531dca6-4181-4606-bf98-09a7fa53a1a0,piper,sample_b6,7,3,4,4,296
c531dca6-4181-4606-bf98-09a7fa53a1a0,piper,sample_b5,9,3,4,3,296
c531dca6-4181-4606-bf98-09a7fa53a1a0,elevenlabs,sample_a4,10,4,5,5,296
c531dca6-4181-4606-bf98-09a7fa53a1a0,elevenlabs,sample_a1,11,4,4,4,296
c531dca6-4181-4606-bf98-09a7fa53a1a0,elevenlabs,sample_a3,12,4,5,4,296
c531dca6-4181-4606-bf98-09a7fa53a1a0,piper,sample_b3,13,3,3,4,296
c531dca6-4181-4606-bf98-09a7fa53a1a0,elevenlabs,sample_a5,14,4,5,5,296
7e33f456-23ba-455d-8a72-e64dda69eb05,elevenlabs,sample_a6,2,5,5,5,259
7e33f456-23ba-455d-8a72-e64dda69eb05,piper,sample_b1,3,4,3,5,259
7e33f456-23ba-455d-8a72-e64dda69eb05,piper,sample_b5,4,4,3,4,259
7e33f456-23ba-455d-8a72-e64dda69eb05,piper,sample_b6,5,4,3,4,259
7e33f456-23ba-455d-8a72-e64dda69eb05,piper,sample_b3,6,3,4,4,259
7e33f456-23ba-455d-8a72-e64dda69eb05,piper,sample_b4,7,4,4,4,259
7e33f456-23ba-455d-8a72-e64dda69eb05,elevenlabs,sample_a5,9,4,5,5,259
7e33f456-23ba-455d-8a72-e64dda69eb05,elevenlabs,sample_a3,10,5,4,5,259
7e33f456-23ba-455d-8a72-e64dda69eb05,elevenlabs,sample_a1,11,5,3,4,259
7e33f456-23ba-455d-8a72-e64dda69eb05,piper,sample_b2,12,3,5,4,259
7e33f456-23ba-455d-8a72-e64dda69eb05,elevenlabs,sample_a4,13,5,4,5,259
7e33f456-23ba-455d-8a72-e64dda69eb05,elevenlabs,sample_a2,14,4,4,4,259
764df2f2-4dc2-4f07-9f81-dfdbd4942c63,piper,sample_b5,2,3,3,3,327
764df2f2-4dc2-4f07-9f81-dfdbd4942c63,piper,sample_b3,3,4,5,3,327
764df2f2-4dc2-4f07-9f81-dfdbd4942c63,elevenlabs,sample_a6,4,4,5,5,327
764df2f2-4dc2-4f07-9f81-dfdbd4942c63,elevenlabs,sample_a1,5,4,5,5,327
764df2f2-4dc2-4f07-9f81-dfdbd4942c63,piper,sample_b2,6,3,4,4,327
764df2f2-4dc2-4f07-9f81-dfdbd4942c63,elevenlabs,sample_a2,7,4,4,5,327
764df2f2-4dc2-4f07-9f81-dfdbd4942c63,elevenlabs,sample_a3,9,4,4,4,327
764df2f2-4dc2-4f07-9f81-dfdbd4942c63,piper,sample_b4,10,3,4,5,327
764df2f2-4dc2-4f07-9f81-dfdbd4942c63,elevenlabs,sample_a4,11,5,4,5,327
764df2f2-4dc2-4f07-9f81-dfdbd4942c63,elevenlabs,sample_a5,12,5,4,5,327
764df2f2-4dc2-4f07-9f81-dfdbd4942c63,piper,sample_b6,13,4,4,5,327
764df2f2-4dc2-4f07-9f81-dfdbd4942c63,piper,sample_b1,14,4,4,3,327
80d5e6cc-f0c8-4fae-afc7-f45dcf8bde4d,piper,sample_b1,2,3,4,2,270
80d5e6cc-f0c8-4fae-afc7-f45dcf8bde4d,piper,sample_b5,3,4,5,3,270
80d5e6cc-f0c8-4fae-afc7-f45dcf8bde4d,elevenlabs,sample_a5,4,5,4,4,270
80d5e6cc-f0c8-4fae-afc7-f45dcf8bde4d,piper,sample_b2,5,4,3,3,270
80d5e6cc-f0c8-4fae-afc7-f45dcf8bde4d,piper,sample_b4,6,4,4,4,270
80d5e6cc-f0c8-4fae-afc7-f45dcf8bde4d,elevenlabs,sample_a2,7,4,5,5,270
80d5e6cc-f0c8-4fae-afc7-f45dcf8bde4d,elevenlabs,sample_a3,9,5,4,5,270
80d5e6cc-f0c8-4fae-afc7-f45dcf8bde4d,elevenlabs,sample_a6,10,5,4,5,270
80d5e6cc-f0c8-4fae-afc7-f45dcf8bde4d,piper,sample_b6,11,4,3,4,270
80d5e6cc-f0c8-4fae-afc7-f45dcf8bde4d,piper,sample_b3,12,3,4,3,270
80d5e6cc-f0c8-4fae-afc7-f45dcf8bde4d,elevenlabs,sample_a1,13,4,5,4,270
80d5e6cc-f0c8-4fae-afc7-f45dcf8bde4d,elevenlabs,sample_a4,14,4,5,5,270
c2f2c5f6-f872-48b8-a6a6-c2f51610c263,piper,sample_b4,2,4,5,4,235
c2f2c5f6-f872-48b8-a6a6-c2f51610c263,elevenlabs,sample_a4,3,4,5,4,235
c2f2c5f6-f872-48b8-a6a6-c2f51610c263,elevenlabs,sample_a1,4,5,5,4,235
c2f2c5f6-f872-48b8-a6a6-c2f51610c263,elevenlabs,sample_a2,5,5,4,5,235
c2f2c5f6-f872-48b8-a6a6-c2f51610c263,piper,sample_b3,6,4,4,5,235
c2f2c5f6-f872-48b8-a6a6-c2f51610c263,piper,sample_b6,7,4,5,4,235
c2f2c5f6-f872-48b8-a6a6-c2f51610c263,elevenlabs,sample_a5,9,5,4,4,235
c2f2c5f6-f872-48b8-a6a6-c2f51610c263,piper,sample_b1,10,4,4,3,235
c2f2c5f6-f872-48b8-a6a6-c2f51610c263,piper,sample_b5,11,4,4,4,235
c2f2c5f6-f872-48b8-a6a6-c2f51610c263,piper,sample_b2,12,4,5,3,235
c2f2c5f6-f872-48b8-a6a6-c2f51610c263,elevenlabs,sample_a6,13,5,5,4,235
c2f2c5f6-f872-48b8-a6a6-c2f51610c263,elevenlabs,sample_a3,14,5,5,5,235
4d0f77e8-0084-45da-b704-cff0114e40c4,piper,sample_b4,2,5,5,4,245
4d0f77e8-0084-45da-b704-cff0114e40c4,elevenlabs,sample_a4,3,5,5,5,245
4d0f77e8-0084-45da-b704-cff0114e40c4,piper,sample_b6,4,4,3,4,245
4d0f77e8-0084-45da-b704-cff0114e40c4,elevenlabs,sample_a2,5,5,5,5,245
4d0f77e8-0084-45da-b704-cff0114e40c4,piper,sample_b1,6,4,4,4,245
4d0f77e8-0084-45da-b704-cff0114e40c4,elevenlabs,sample_a3,7,5,5,4,245
4d0f77e8-0084-45da-b704-cff0114e40c4,elevenlabs,sample_a6,9,4,5,5,245
4d0f77e8-0084-45da-b704-cff0114e40c4,elevenlabs,sample_a5,10,4,5,5,245
4d0f77e8-0084-45da-b704-cff0114e40c4,piper,sample_b2,11,4,5,3,245
4d0f77e8-0084-45da-b704-cff0114e40c4,piper,sample_b5,12,4,4,4,245
4d0f77e8-0084-45da-b704-cff0114e40c4,elevenlabs,sample_a1,13,5,5,5,245
4d0f77e8-0084-45da-b704-cff0114e40c4,piper,sample_b3,14,5,5,4,245
fb94807b-876c-4b62-af33-dfff0a75d496,piper,sample_b2,2,3,5,4,332
fb94807b-876c-4b62-af33-dfff0a75d496,elevenlabs,sample_a1,3,5,5,4,332
fb94807b-876c-4b62-af33-dfff0a75d496,piper,sample_b6,4,5,5,3,332
fb94807b-876c-4b62-af33-dfff0a75d496,elevenlabs,sample_a6,5,4,5,4,332
fb94807b-876c-4b62-af33-dfff0a75d496,elevenlabs,sample_a2,6,5,5,5,332
fb94807b-876c-4b62-af33-dfff0a75d496,piper,sample_b1,7,4,5,4,332
fb94807b-876c-4b62-af33-dfff0a75d496,piper,sample_b5,9,5,4,4,332
fb94807b-876c-4b62-af33-dfff0a75d496,elevenlabs,sample_a3,10,5,5,5,332
fb94807b-876c-4b62-af33-dfff0a75d496,elevenlabs,sample_a5,11,4,5,5,332
fb94807b-876c-4b62-af33-dfff0a75d496,piper,sample_b3,12,3,4,5,332
fb94807b-876c-4b62-af33-dfff0a75d496,elevenlabs,sample_a4,13,4,5,5,332
fb94807b-876c-4b62-af33-dfff0a75d496,piper,sample_b4,14,5,4,5,332
0400ee0e-cf60-4d3a-b48e-09bc131f5046,elevenlabs,sample_a2,2,5,3,4,319
0400ee0e-cf60-4d3a-b48e-09bc131f5046,elevenlabs,sample_a1,3,4,4,4,319
0400ee0e-cf60-4d3a-b48e-09bc131f5046,piper,sample_b3,4,3,4,3,319
0400ee0e-cf60-4d3a-b48e-09bc131f5046,piper,sample_b6,5,1,5,4,319
0400ee0e-cf60-4d3a-b48e-09bc131f5046,piper,sample_b1,6,4,4,3,319
0400ee0e-cf60-4d3a-b48e-09bc131f5046,elevenlabs,sample_a6,7,3,5,4,319
0400ee0e-cf60-4d3a-b48e-09bc131f5046,piper,sample_b2,9,2,5,3,319
0400ee0e-cf60-4d3a-b48e-09bc131f5046,elevenlabs,sample_a5,10,4,5,4,319
0400ee0e-cf60-4d3a-b48e-09bc131f5046,piper,sample_b4,11,4,5,4,319
0400ee0e-cf60-4d3a-b48e-09bc131f5046,elevenlabs,sample_a3,12,5,5,5,319
0400ee0e-cf60-4d3a-b48e-09bc131f5046,elevenlabs,sample_a4,13,4,5,5,319
0400ee0e-cf60-4d3a-b48e-09bc131f5046,piper,sample_b5,14,2,4,2,319
c98152fe-bec6-443a-b7af-1560df771272,elevenlabs,sample_a4,2,4,4,5,246
c98152fe-bec6-443a-b7af-1560df771272,piper,sample_b6,3,4,3,3,246
c98152fe-bec6-443a-b7af-1560df771272,piper,sample_b3,4,4,4,4,246
c98152fe-bec6-443a-b7af-1560df771272,piper,sample_b1,5,3,4,3,246
c98152fe-bec6-443a-b7af-1560df771272,elevenlabs,sample_a5,6,4,4,4,246
c98152fe-bec6-443a-b7af-1560df771272,piper,sample_b5,7,3,4,4,246
c98152fe-bec6-443a-b7af-1560df771272,elevenlabs,sample_a2,9,5,4,2,246
c98152fe-bec6-443a-b7af-1560df771272,piper,sample_b4,10,3,3,4,246
c98152fe-bec6-443a-b7af-1560df771272,elevenlabs,sample_a1,11,4,5,4,246
c98152fe-bec6-443a-b7af-1560df771272,elevenlabs,sample_a6,12,4,4,5,246
c98152fe-bec6-443a-b7af-1560df771272,elevenlabs,sample_a3,13,4,4,3,246
c98152fe-bec6-443a-b7af-1560df771272,piper,sample_b2,14,3,3,3,246
b8f05d81-f90e-4d31-a7f6-13b2eb081ffa,piper,sample_b2,2,4,5,2,269
b8f05d81-f90e-4d31-a7f6-13b2eb081ffa,piper,sample_b1,3,3,4,4,269
b8f05d81-f90e-4d31-a7f6-13b2eb081ffa,elevenlabs,sample_a4,4,4,4,4,269
b8f05d81-f90e-4d31-a7f6-13b2eb081ffa,piper,sample_b5,5,4,4,4,269
b8f05d81-f90e-4d31-a7f6-13b2eb081ffa,piper,sample_b4,6,3,4,4,269
b8f05d81-f90e-4d31-a7f6-13b2eb081ffa,elevenlabs,sample_a6,7,5,5,4,269
b8f05d81-f90e-4d31-a7f6-13b2eb081ffa,piper,sample_b3,9,3,4,4,269
b8f05d81-f90e-4d31-a7f6-13b2eb081ffa,elevenlabs,sample_a5,10,4,4,4,269
b8f05d81-f90e-4d31-a7f6-13b2eb081ffa,elevenlabs,sample_a2,11,3,4,5,269
b8f05d81-f90e-4d31-a7f6-13b2eb081ffa,elevenlabs,sample_a3,12,4,5,5,269
b8f05d81-f90e-4d31-a7f6-13b2eb081ffa,elevenlabs,sample_a1,13,4,4,5,269
b8f05d81-f90e-4d31-a7f6-13b2eb081ffa,piper,sample_b6,14,3,4,4,269
759fc179-39d2-4de5-b13a-8c459d0d84b1,piper,sample_b2,2,4,2,4,310
759fc179-39d2-4de5-b13a-8c459d0d84b1,piper,sample_b5,3,3,3,4,310
759fc179-39d2-4de5-b13a-8c459d0d84b1,piper,sample_b6,4,3,2,4,310
759fc179-39d2-4de5-b13a-8c459d0d84b1,piper,sample_b1,5,4,3,3,310
759fc179-39d2-4de5-b13a-8c459d0d84b1,piper,sample_b4,6,4,3,4,310
759fc179-39d2-4de5-b13a-8c459d0d84b1,elevenlabs,sample_a3,7,4,4,5,310
759fc179-39d2-4de5-b13a-8c459d0d84b1,elevenlabs,sample_a6,9,5,4,4,310
759fc179-39d2-4de5-b13a-8c459d0d84b1,elevenlabs,sample_a2,10,5,4,5,310
759fc179-39d2-4de5-b13a-8c459d0d84b1,elevenlabs,sample_a1,11,5,4,5,310
759fc179-39d2-4de5-b13a-8c459d0d84b1,piper,sample_b3,12,4,4,4,310
759fc179-39d2-4de5-b13a-8c459d0d84b1,elevenlabs,sample_a5,13,4,4,5,310
759fc179-39d2-4de5-b13a-8c459d0d84b1,elevenlabs,sample_a4,14,4,5,4,310
cb7fcb25-fb35-4bd6-86ff-eb801fc74ef2,piper,sample_b6,2,3,5,4,271
cb7fcb25-fb35-4bd6-86ff-eb801fc74ef2,elevenlabs,sample_a1,3,5,4,5,271
cb7fcb25-fb35-4bd6-86ff-eb801fc74ef2,elevenlabs,sample_a4,4,4,5,4,271
cb7fcb25-fb35-4bd6-86ff-eb801fc74ef2,elevenlabs,sample_a2,5,4,5,4,271
cb7fcb25-fb35-4bd6-86ff-eb801fc74ef2,piper,sample_b4,6,4,5,3,271
cb7fcb25-fb35-4bd6-86ff-eb801fc74ef2,piper,sample_b2,7,2,4,3,271
cb7fcb25-fb35-4bd6-86ff-eb801fc74ef2,piper,sample_b1,9,2,4,4,271
cb7fcb25-fb35-4bd6-86ff-eb801fc74ef2,piper,sample_b3,10,3,3,4,271
cb7fcb25-fb35-4bd6-86ff-eb801fc74ef2,elevenlabs,sample_a5,11,5,4,4,271
cb7fcb25-fb35-4bd6-86ff-eb801fc74ef2,elevenlabs,sample_a6,12,4,5,4,271
cb7fcb25-fb35-4bd6-86ff-eb801fc74ef2,piper,sample_b5,13,4,4,4,271
cb7fcb25-fb35-4bd6-86ff-eb801fc74ef2,elevenlabs,sample_a3,14,4,4,4,271
6c79d20f-76ba-4a79-9a05-fe3bbd572490,piper,sample_b4,2,4,4,5,269
6c79d20f-76ba-4a79-9a05-fe3bbd572490,elevenlabs,sample_a1,3,5,5,5,269
6c79d20f-76ba-4a79-9a05-fe3bbd572490,elevenlabs,sample_a2,4,5,5,5,269
6c79d20f-76ba-4a79-9a05-fe3bbd572490,elevenlabs,sample_a3,5,4,4,5,269
6c79d20f-76ba-4a79-9a05-fe3bbd572490,piper,sample_b3,6,3,4,4,269
6c79d20f-76ba-4a79-9a05-fe3bbd572490,elevenlabs,sample_a5,7,5,5,5,269
6c79d20f-76ba-4a79-9a05-fe3bbd572490,elevenlabs,sample_a4,9,5,5,5,269
6c79d20f-76ba-4a79-9a05-fe3bbd572490,piper,sample_b2,10,3,3,5,269
6c79d20f-76ba-4a79-9a05-fe3bbd572490,elevenlabs,sample_a6,11,5,5,5,269
6c79d20f-76ba-4a79-9a05-fe3bbd572490,piper,sample_b5,12,4,5,4,269
6c79d20f-76ba-4a79-9a05-fe3bbd572490,piper,sample_b1,13,4,5,3,269
6c79d20f-76ba-4a79-9a05-fe3bbd572490,piper,sample_b6,14,5,4,4,269
1ccb2081-a004-4280-8298-fa8bb222b136,elevenlabs,sample_a1,2,3,4,4,228
1ccb2081-a004-4280-8298-fa8bb222b136,elevenlabs,sample_a2,3,5,4,4,228
1ccb2081-a004-4280-8298-fa8bb222b136,piper,sample_b5,4,3,3,3,228
1ccb2081-a004-4280-8298-fa8bb222b136,piper,sample_b6,5,4,3,3,228
1ccb2081-a004-4280-8298-fa8bb222b136,elevenlabs,sample_a3,6,4,4,4,228
1ccb2081-a004-4280-8298-fa8bb222b136,piper,sample_b2,7,2,4,3,228
1ccb2081-a004-4280-8298-fa8bb222b136,elevenlabs,sample_a5,9,5,5,4,228
1ccb2081-a004-4280-8298-fa8bb222b136,piper,sample_b3,10,5,2,3,228
1ccb2081-a004-4280-8298-fa8bb222b136,elevenlabs,sample_a4,11,5,4,4,228
1ccb2081-a004-4280-8298-fa8bb222b136,piper,sample_b4,12,4,4,3,228
1ccb2081-a004-4280-8298-fa8bb222b136,elevenlabs,sample_a6,13,4,4,4,228
1ccb2081-a004-4280-8298-fa8bb222b136,piper,sample_b1,14,4,4,4,228
bbdd71eb-c828-49bf-acbc-41ed46cf2417,elevenlabs,sample_a1,2,4,4,4,265
bbdd71eb-c828-49bf-acbc-41ed46cf2417,piper,sample_b2,3,4,4,3,265
bbdd71eb-c828-49bf-acbc-41ed46cf2417,elevenlabs,sample_a4,4,4,4,4,265
bbdd71eb-c828-49bf-acbc-41ed46cf2417,piper,sample_b3,5,4,3,3,265
bbdd71eb-c828-49bf-acbc-41ed46cf2417,piper,sample_b5,6,3,3,4,265
bbdd71eb-c828-49bf-acbc-41ed46cf2417,piper,sample_b1,7,3,4,3,265
bbdd71eb-c828-49bf-acbc-41ed46cf2417,elevenlabs,sample_a2,9,4,4,4,265
bbdd71eb-c828-49bf-acbc-41ed46cf2417,elevenlabs,sample_a6,10,4,5,5,265
bbdd71eb-c828-49bf-acbc-41ed46cf2417,elevenlabs,sample_a5,11,4,4,4,265
bbdd71eb-c828-49bf-acbc-41ed46cf2417,elevenlabs,sample_a3,12,4,4,4,265
bbdd71eb-c828-49bf-acbc-41ed46cf2417,piper,sample_b4,13,5,4,3,265
bbdd71eb-c828-49bf-acbc-41ed46cf2417,piper,sample_b6,14,3,4,4,265
08a0cdcc-f9c7-48a4-ab6c-83bfdda5030e,piper,sample_b5,2,4,4,4,282
08a0cdcc-f9c7-48a4-ab6c-83bfdda5030e,piper,sample_b4,3,5,5,3,282
08a0cdcc-f9c7-48a4-ab6c-83bfdda5030e,piper,sample_b3,4,2,5,3,282
08a0cdcc-f9c7-48a4-ab6c-83bfdda5030e,elevenlabs,sample_a6,5,5,5,5,282
08a0cdcc-f9c7-48a4-ab6c-83bfdda5030e,piper,sample_b6,6,4,4,5,282
08a0cdcc-f9c7-48a4-ab6c-83bfdda5030e,elevenlabs,sample_a4,7,5,5,5,282
08a0cdcc-f9c7-48a4-ab6c-83bfdda5030e,elevenlabs,sample_a2,9,5,5,5,282
08a0cdcc-f9c7-48a4-ab6c-83bfdda5030e,elevenlabs,sample_a1,10,5,5,5,282
08a0cdcc-f9c7-48a4-ab6c-83bfdda5030e,elevenlabs,sample_a5,11,5,5,4,282
08a0cdcc-f9c7-48a4-ab6c-83bfdda5030e,piper,sample_b2,12,4,5,4,282
08a0cdcc-f9c7-48a4-ab6c-83bfdda5030e,piper,sample_b1,13,4,4,4,282
08a0cdcc-f9c7-48a4-ab6c-83bfdda5030e,elevenlabs,sample_a3,14,4,5,5,282
176ae29b-4787-405a-b891-80633b4f5b31,piper,sample_b4,2,3,5,3,264
176ae29b-4787-405a-b891-80633b4f5b31,piper,sample_b5,3,3,5,4,264
176ae29b-4787-405a-b891-80633b4f5b31,elevenlabs,sample_a1,4,4,4,5,264
176ae29b-4787-405a-b891-80633b4f5b31,elevenlabs,sample_a4,5,5,5,5,264
176ae29b-4787-405a-b891-80633b4f5b31,elevenlabs,sample_a5,6,4,5,4,264
176ae29b-4787-405a-b891-80633b4f5b31,elevenlabs,sample_a2,7,4,5,5,264
176ae29b-4787-405a-b891-80633b4f5b31,piper,sample_b3,9,5,3,4,264
176ae29b-4787-405a-b891-80633b4f5b31,piper,sample_b1,10,3,5,4,264
176ae29b-4787-405a-b891-80633b4f5b31,piper,sample_b2,11,4,3,5,264
176ae29b-4787-405a-b891-80633b4f5b31,elevenlabs,sample_a3,12,5,5,4,264
176ae29b-4787-405a-b891-80633b4f5b31,piper,sample_b6,13,3,4,4,264
176ae29b-4787-405a-b891-80633b4f5b31,elevenlabs,sample_a6,14,5,5,5,264
1f491345-6759-4789-b8de-dc505013f841,elevenlabs,sample_a3,2,5,5,5,282
1f491345-6759-4789-b8de-dc505013f841,piper,sample_b4,3,4,5,3,282
1f491345-6759-4789-b8de-dc505013f841,elevenlabs,sample_a1,4,4,4,5,282
1f491345-6759-4789-b8de-dc505013f841,piper,sample_b6,5,3,5,4,282
1f491345-6759-4789-b8de-dc505013f841,elevenlabs,sample_a6,6,4,5,5,282
1f491345-6759-4789-b8de-dc505013f841,elevenlabs,sample_a2,7,5,5,5,282
1f491345-6759-4789-b8de-dc505013f841,piper,sample_b5,9,4,5,4,282
1f491345-6759-4789-b8de-dc505013f841,elevenlabs,sample_a5,10,5,5,5,282
1f491345-6759-4789-b8de-dc505013f841,elevenlabs,sample_a4,11,5,5,4,282
1f491345-6759-4789-b8de-dc505013f841,piper,sample_b1,12,5,4,5,282
1f491345-6759-4789-b8de-dc505013f841,piper,sample_b2,13,3,4,2,282
1f491345-6759-4789-b8de-dc505013f841,piper,sample_b3,14,4,3,4,282
77baabcb-89c8-4158-9641-adbc03e642d0,elevenlabs,sample_a1,2,5,4,4,335
77baabcb-89c8-4158-9641-adbc03e642d0,piper,sample_b6,3,4,3,3,335
77baabcb-89c8-4158-9641-adbc03e642d0,piper,sample_b1,4,5,3,4,335
77baabcb-89c8-4158-9641-adbc03e642d0,elevenlabs,sample_a6,5,5,4,5,335
77baabcb-89c8-4158-9641-adbc03e642d0,elevenlabs,sample_a2,6,5,5,5,335
77baabcb-89c8-4158-9641-adbc03e642d0,elevenlabs,sample_a3,7,4,5,5,335
77baabcb-89c8-4158-9641-adbc03e642d0,piper,sample_b2,9,4,4,4,335
77baabcb-89c8-4158-9641-adbc03e642d0,piper,sample_b4,10,4,4,5,335
77baabcb-89c8-4158-9641-adbc03e642d0,elevenlabs,sample_a4,11,5,5,5,335
77baabcb-89c8-4158-9641-adbc03e642d0,elevenlabs,sample_a5,12,5,5,5,335
77baabcb-89c8-4158-9641-adbc03e642d0,piper,sample_b5,13,3,5,4,335
77baabcb-89c8-4158-9641-adbc03e642d0,piper,sample_b3,14,3,4,5,335
906ad0d5-d1a3-4ee9-bc8c-8032c2cf7a90,piper,sample_b4,2,3,4,4,316
906ad0d5-d1a3-4ee9-bc8c-8032c2cf7a90,piper,sample_b2,3,2,4,4,316
906ad0d5-d1a3-4ee9-bc8c-8032c2cf7a90,elevenlabs,sample_a6,4,4,4,4,316
906ad0d5-d1a3-4ee9-bc8c-8032c2cf7a90,piper,sample_b1,5,4,4,3,316
906ad0d5-d1a3-4ee9-bc8c-8032c2cf7a90,elevenlabs,sample_a2,6,4,4,4,316
906ad0d5-d1a3-4ee9-bc8c-8032c2cf7a90,piper,sample_b3,7,4,4,3,316
906ad0d5-d1a3-4ee9-bc8c-8032c2cf7a90,elevenlabs,sample_a5,9,4,4,4,316
906ad0d5-d1a3-4ee9-bc8c-8032c2cf7a90,piper,sample_b6,10,5,5,2,316
906ad0d5-d1a3-4ee9-bc8c-8032c2cf7a90,elevenlabs,sample_a1,11,5,3,4,316
906ad0d5-d1a3-4ee9-bc8c-8032c2cf7a90,elevenlabs,sample_a3,12,4,4,3,316
906ad0d5-d1a3-4ee9-bc8c-8032c2cf7a90,piper,sample_b5,13,3,3,4,316
906ad0d5-d1a3-4ee9-bc8c-8032c2cf7a90,elevenlabs,sample_a4,14,5,5,5,316
e256bda7-37a0-4061-b5cb-8dc8925a6fcc,elevenlabs,sample_a3,2,5,5,5,227
e256bda7-37a0-4061-b5cb-8dc8925a6fcc,piper,sample_b2,3,4,5,5,227
e256bda7-37a0-4061-b5cb-8dc8925a6fcc,piper,sample_b3,4,3,4,3,227
e256bda7-37a0-4061-b5cb-8dc8925a6fcc,piper,sample_b4,5,4,5,4,227
e256bda7-37a0-4061-b5cb-8dc8925a6fcc,elevenlabs,sample_a2,6,4,5,4,227
e256bda7-37a0-4061-b5cb-8dc8925a6fcc,piper,sample_b6,7,3,4,2,227
e256bda7-37a0-4061-b5cb-8dc8925a6fcc,elevenlabs,sample_a6,9,5,5,4,227
e256bda7-37a0-4061-b5cb-8dc8925a6fcc,elevenlabs,sample_a1,10,5,4,5,227
e256bda7-37a0-4061-b5cb-8dc8925a6fcc,elevenlabs,sample_a5,11,4,5,5,227
e256bda7-37a0-4061-b5cb-8dc8925a6fcc,piper,sample_b5,12,3,4,4,227
e256bda7-37a0-4061-b5cb-8dc8925a6fcc,piper,sample_b1,13,3,4,4,227
e256bda7-37a0-4061-b5cb-8dc8925a6fcc,elevenlabs,sample_a4,14,5,4,5,227
41d516d6-e090-410f-8221-2fbf2c33c844,elevenlabs,sample_a4,2,4,5,3,331
41d516d6-e090-410f-8221-2fbf2c33c844,piper,sample_b2,3,1,4,4,331
41d516d6-e090-410f-8221-2fbf2c33c844,elevenlabs,sample_a5,4,5,5,4,331
41d516d6-e090-410f-8221-2fbf2c33c844,piper,sample_b1,5,4,4,3,331
41d516d6-e090-410f-8221-2fbf2c33c844,piper,sample_b5,6,4,4,5,331
41d516d6-e090-410f-8221-2fbf2c33c844,elevenlabs,sample_a6,7,4,5,5,331
41d516d6-e090-410f-8221-2fbf2c33c844,elevenlabs,sample_a2,9,5,5,4,331
41d516d6-e090-410f-8221-2fbf2c33c844,piper,sample_b4,10,3,3,4,331
41d516d6-e090-410f-8221-2fbf2c33c844,elevenlabs,sample_a1,11,4,4,4,331
41d516d6-e090-410f-8221-2fbf2c33c844,elevenlabs,sample_a3,12,4,5,5,331
41d516d6-e090-410f-8221-2fbf2c33c844,piper,sample_b6,13,3,4,4,331
41d516d6-e090-410f-8221-2fbf2c33c844,piper,sample_b3,14,3,5,3,331
ca88dc52-628e-4482-846f-da14fb1ccc44,piper,sample_b3,2,2,4,3,250
ca88dc52-628e-4482-846f-da14fb1ccc44,piper,sample_b2,3,3,4,5,250
ca88dc52-628e-4482-846f-da14fb1ccc44,elevenlabs,sample_a6,4,3,5,4,250
ca88dc52-628e-4482-846f-da14fb1ccc44,piper,sample_b1,5,3,5,3,250
ca88dc52-628e-4482-846f-da14fb1ccc44,elevenlabs,sample_a2,6,4,5,4,250
ca88dc52-628e-4482-846f-da14fb1ccc44,piper,sample_b4,7,3,5,3,250
ca88dc52-628e-4482-846f-da14fb1ccc44,piper,sample_b5,9,4,4,3,250
ca88dc52-628e-4482-846f-da14fb1ccc44,elevenlabs,sample_a5,10,5,4,4,250
ca88dc52-628e-4482-846f-da14fb1ccc44,elevenlabs,sample_a3,11,4,5,4,250
ca88dc52-628e-4482-846f-da14fb1ccc44,elevenlabs,sample_a1,12,4,5,5,250
ca88dc52-628e-4482-846f-da14fb1ccc44,piper,sample_b6,13,3,5,2,250
ca88dc52-628e-4482-846f-da14fb1ccc44,elevenlabs,sample_a4,14,4,4,4,250
5d43f694-86f6-446d-a160-ef696e182917,piper,sample_b1,2,3,4,5,281
5d43f694-86f6-446d-a160-ef696e182917,elevenlabs,sample_a2,3,5,4,5,281
5d43f694-86f6-446d-a160-ef696e182917,elevenlabs,sample_a6,4,5,5,5,281
5d43f694-86f6-446d-a160-ef696e182917,piper,sample_b3,5,5,5,3,281
5d43f694-86f6-446d-a160-ef696e182917,elevenlabs,sample_a5,6,5,5,5,281
5d43f694-86f6-446d-a160-ef696e182917,piper,sample_b5,7,4,5,4,281
5d43f694-86f6-446d-a160-ef696e182917,elevenlabs,sample_a1,9,4,5,5,281
5d43f694-86f6-446d-a160-ef696e182917,piper,sample_b6,10,4,3,4,281
5d43f694-86f6-446d-a160-ef696e182917,elevenlabs,sample_a4,11,5,5,5,281
5d43f694-86f6-446d-a160-ef696e182917,piper,sample_b2,12,5,4,3,281
5d43f694-86f6-446d-a160-ef696e182917,piper,sample_b4,13,5,5,5,281
5d43f694-86f6-446d-a160-ef696e182917,elevenlabs,sample_a3,14,5,5,5,281
ecdacb79-d097-46b6-80b1-373d97934092,piper,sample_b1,2,3,4,3,231
ecdacb79-d097-46b6-80b1-373d97934092,piper,sample_b2,3,4,5,2,231
ecdacb79-d097-46b6-80b1-373d97934092,elevenlabs,sample_a5,4,4,5,5,231
ecdacb79-d097-46b6-80b1-373d97934092,piper,sample_b4,5,4,5,5,231
ecdacb79-d097-46b6-80b1-373d97934092,piper,sample_b6,6,4,4,4,231
ecdacb79-d097-46b6-80b1-373d97934092,elevenlabs,sample_a4,7,5,5,5,231
ecdacb79-d097-46b6-80b1-373d97934092,elevenlabs,sample_a6,9,5,5,5,231
ecdacb79-d097-46b6-80b1-373d97934092,elevenlabs,sample_a2,10,5,4,5,231
ecdacb79-d097-46b6-80b1-373d97934092,piper,sample_b5,11,4,5,4,231
ecdacb79-d097-46b6-80b1-373d97934092,elevenlabs,sample_a3,12,5,4,4,231
ecdacb79-d097-46b6-80b1-373d97934092,elevenlabs,sample_a1,13,5,5,4,231
ecdacb79-d097-46b6-80b1-373d97934092,piper,sample_b3,14,4,5,4,231
6dd41be9-8a14-4c8f-bf8d-005a319cb711,elevenlabs,sample_a2,2,4,5,4,258
6dd41be9-8a14-4c8f-bf8d-005a319cb711,piper,sample_b2,3,3,3,4,258
6dd41be9-8a14-4c8f-bf8d-005a319cb711,elevenlabs,sample_a1,4,5,4,4,258
6dd41be9-8a14-4c8f-bf8d-005a319cb711,piper,sample_b4,5,3,4,5,258
6dd41be9-8a14-4c8f-bf8d-005a319cb711,piper,sample_b1,6,4,4,4,258
6dd41be9-8a14-4c8f-bf8d-005a319cb711,piper,sample_b6,7,3,5,4,258
6dd41be9-8a14-4c8f-bf8d-005a319cb711,elevenlabs,sample_a6,9,5,3,4,258
6dd41be9-8a14-4c8f-bf8d-005a319cb711,piper,sample_b3,10,3,3,4,258
6dd41be9-8a14-4c8f-bf8d-005a319cb711,elevenlabs,sample_a3,11,4,5,5,258
6dd41be9-8a14-4c8f-bf8d-005a319cb711,elevenlabs,sample_a4,12,4,5,5,258
6dd41be9-8a14-4c8f-bf8d-005a319cb711,piper,sample_b5,13,3,5,3,258
6dd41be9-8a14-4c8f-bf8d-005a319cb711,elevenlabs,sample_a5,14,4,5,5,258
4d85b717-f451-4ee5-9973-e2e82ff6c754,piper,sample_b3,2,5,4,3,338
4d85b717-f451-4ee5-9973-e2e82ff6c754,piper,sample_b1,3,5,5,4,338
4d85b717-f451-4ee5-9973-e2e82ff6c754,piper,sample_b4,4,3,4,4,338
4d85b717-f451-4ee5-9973-e2e82ff6c754,elevenlabs,sample_a2,5,5,5,5,338
4d85b717-f451-4ee5-9973-e2e82ff6c754,elevenlabs,sample_a5,6,4,5,4,338
4d85b717-f451-4ee5-9973-e2e82ff6c754,elevenlabs,sample_a3,7,4,5,5,338
4d85b717-f451-4ee5-9973-e2e82ff6c754,piper,sample_b2,9,4,4,5,338
4d85b717-f451-4ee5-9973-e2e82ff6c754,elevenlabs,sample_a1,10,4,5,5,338
4d85b717-f451-4ee5-9973-e2e82ff6c754,elevenlabs,sample_a4,11,5,5,4,338
4d85b717-f451-4ee5-9973-e2e82ff6c754,elevenlabs,sample_a6,12,4,5,4,338
4d85b717-f451-4ee5-9973-e2e82ff6c754,piper,sample_b5,13,4,5,4,338
4d85b717-f451-4ee5-9973-e2e82ff6c754,piper,sample_b6,14,5,4,3,338