participant_id,sample_id,randomized_order,naturalness_score,intelligibility_score,overall_quality_score,headphone_check,attention_check,completion_time
81c3064a-f6e3-487f-8312-b338b73ed204,sample_tr1,1,3,4,4,PASS,PASS,220
81c3064a-f6e3-487f-8312-b338b73ed204,sample_b4,2,4,5,4,PASS,PASS,220
81c3064a-f6e3-487f-8312-b338b73ed204,sample_a2,3,4,4,4,PASS,PASS,220
81c3064a-f6e3-487f-8312-b338b73ed204,sample_a6,4,4,4,4,PASS,PASS,220
81c3064a-f6e3-487f-8312-b338b73ed204,sample_b2,5,3,3,3,PASS,PASS,220
81c3064a-f6e3-487f-8312-b338b73ed204,sample_a1,6,4,5,4,PASS,PASS,220
81c3064a-f6e3-487f-8312-b338b73ed204,sample_b1,7,2,5,4,PASS,PASS,220
81c3064a-f6e3-487f-8312-b338b73ed204,sample_attn,8,1,5,3,PASS,PASS,220
81c3064a-f6e3-487f-8312-b338b73ed204,sample_a3,9,4,4,4,PASS,PASS,220
81c3064a-f6e3-487f-8312-b338b73ed204,sample_a4,10,3,5,4,PASS,PASS,220
81c3064a-f6e3-487f-8312-b338b73ed204,sample_b3,11,3,4,4,PASS,PASS,220
81c3064a-f6e3-487f-8312-b338b73ed204,sample_b5,12,3,5,3,PASS,PASS,220
81c3064a-f6e3-487f-8312-b338b73ed204,sample_b6,13,4,4,4,PASS,PASS,220
81c3064a-f6e3-487f-8312-b338b73ed204,sample_a5,14,4,4,3,PASS,PASS,220
40d24214-5097-48ce-a0bd-9ba75cdd2366,sample_tr1,1,4,4,4,PASS,PASS,297
40d24214-5097-48ce-a0bd-9ba75cdd2366,sample_b1,2,3,3,5,PASS,PASS,297
40d24214-5097-48ce-a0bd-9ba75cdd2366,sample_a3,3,5,4,4,PASS,PASS,297
40d24214-5097-48ce-a0bd-9ba75cdd2366,sample_a5,4,5,5,4,PASS,PASS,297
40d24214-5097-48ce-a0bd-9ba75cdd2366,sample_a4,5,5,5,5,PASS,PASS,297
40d24214-5097-48ce-a0bd-9ba75cdd2366,sample_b5,6,3,5,4,PASS,PASS,297
40d24214-5097-48ce-a0bd-9ba75cdd2366,sample_a2,7,5,4,4,PASS,PASS,297
40d24214-5097-48ce-a0bd-9ba75cdd2366,sample_attn,8,1,5,3,PASS,PASS,297
40d24214-5097-48ce-a0bd-9ba75cdd2366,sample_a1,9,4,4,4,PASS,PASS,297
40d24214-5097-48ce-a0bd-9ba75cdd2366,sample_b2,10,3,4,5,PASS,PASS,297
40d24214-5097-48ce-a0bd-9ba75cdd2366,sample_b6,11,3,4,4,PASS,PASS,297
40d24214-5097-48ce-a0bd-9ba75cdd2366,sample_a6,12,4,5,4,PASS,PASS,297
40d24214-5097-48ce-a0bd-9ba75cdd2366,sample_b4,13,3,5,3,PASS,PASS,297
40d24214-5097-48ce-a0bd-9ba75cdd2366,sample_b3,14,4,5,4,PASS,PASS,297
47c96920-4d15-4b5d-8d7a-4a07c2f567fd,sample_tr1,1,4,5,5,PASS,PASS,324
47c96920-4d15-4b5d-8d7a-4a07c2f567fd,sample_b6,2,5,4,4,PASS,PASS,324
47c96920-4d15-4b5d-8d7a-4a07c2f567fd,sample_b1,3,4,4,3,PASS,PASS,324
47c96920-4d15-4b5d-8d7a-4a07c2f567fd,sample_b3,4,3,4,3,PASS,PASS,324
47c96920-4d15-4b5d-8d7a-4a07c2f567fd,sample_a6,5,4,4,5,PASS,PASS,324
47c96920-4d15-4b5d-8d7a-4a07c2f567fd,sample_a2,6,4,5,4,PASS,PASS,324
47c96920-4d15-4b5d-8d7a-4a07c2f567fd,sample_a1,7,4,4,4,PASS,PASS,324
47c96920-4d15-4b5d-8d7a-4a07c2f567fd,sample_attn,8,1,5,3,PASS,PASS,324
47c96920-4d15-4b5d-8d7a-4a07c2f567fd,sample_b2,9,3,4,3,PASS,PASS,324
47c96920-4d15-4b5d-8d7a-4a07c2f567fd,sample_b4,10,4,4,4,PASS,PASS,324
47c96920-4d15-4b5d-8d7a-4a07c2f567fd,sample_b5,11,4,4,3,PASS,PASS,324
47c96920-4d15-4b5d-8d7a-4a07c2f567fd,sample_a3,12,4,5,4,PASS,PASS,324
47c96920-4d15-4b5d-8d7a-4a07c2f567fd,sample_a4,13,4,4,4,PASS,PASS,324
47c96920-4d15-4b5d-8d7a-4a07c2f567fd,sample_a5,14,5,4,4,PASS,PASS,324
c531dca6-4181-4606-bf98-09a7fa53a1a0,sample_tr1,1,3,4,4,PASS,PASS,296
c531dca6-4181-4606-bf98-09a7fa53a1a0,sample_b4,2,3,4,4,PASS,PASS,296
c531dca6-4181-4606-bf98-09a7fa53a1a0,sample_b1,3,4,4,4,PASS,PASS,296
c531dca6-4181-4606-bf98-09a7fa53a1a0,sample_a6,4,5,4,4,PASS,PASS,296
c531dca6-4181-4606-bf98-09a7fa53a1a0,sample_a2,5,4,4,4,PASS,PASS,296
c531dca6-4181-4606-bf98-09a7fa53a1a0,sample_b2,6,3,4,2,PASS,PASS,296
c531dca6-4181-4606-bf98-09a7fa53a1a0,sample_b6,7,3,4,4,PASS,PASS,296
c531dca6-4181-4606-bf98-09a7fa53a1a0,sample_attn,8,1,5,3,PASS,PASS,296
c531dca6-4181-4606-bf98-09a7fa53a1a0,sample_b5,9,3,4,3,PASS,PASS,296
c531dca6-4181-4606-bf98-09a7fa53a1a0,sample_a4,10,4,5,5,PASS,PASS,296
c531dca6-4181-4606-bf98-09a7fa53a1a0,sample_a1,11,4,4,4,PASS,PASS,296
c531dca6-4181-4606-bf98-09a7fa53a1a0,sample_a3,12,4,5,4,PASS,PASS,296
c531dca6-4181-4606-bf98-09a7fa53a1a0,sample_b3,13,3,3,4,PASS,PASS,296
c531dca6-4181-4606-bf98-09a7fa53a1a0,sample_a5,14,4,5,5,PASS,PASS,296
7e33f456-23ba-455d-8a72-e64dda69eb05,sample_tr1,1,4,5,5,PASS,PASS,259
7e33f456-23ba-455d-8a72-e64dda69eb05,sample_a6,2,5,5,5,PASS,PASS,259
7e33f456-23ba-455d-8a72-e64dda69eb05,sample_b1,3,4,3,5,PASS,PASS,259
7e33f456-23ba-455d-8a72-e64dda69eb05,sample_b5,4,4,3,4,PASS,PASS,259
7e33f456-23ba-455d-8a72-e64dda69eb05,sample_b6,5,4,3,4,PASS,PASS,259
7e33f456-23ba-455d-8a72-e64dda69eb05,sample_b3,6,3,4,4,PASS,PASS,259
7e33f456-23ba-455d-8a72-e64dda69eb05,sample_b4,7,4,4,4,PASS,PASS,259
7e33f456-23ba-455d-8a72-e64dda69eb05,sample_attn,8,1,5,3,PASS,PASS,259
7e33f456-23ba-455d-8a72-e64dda69eb05,sample_a5,9,4,5,5,PASS,PASS,259
7e33f456-23ba-455d-8a72-e64dda69eb05,sample_a3,10,5,4,5,PASS,PASS,259
7e33f456-23ba-455d-8a72-e64dda69eb05,sample_a1,11,5,3,4,PASS,PASS,259
7e33f456-23ba-455d-8a72-e64dda69eb05,sample_b2,12,3,5,4,PASS,PASS,259
7e33f456-23ba-455d-8a72-e64dda69eb05,sample_a4,13,5,4,5,PASS,PASS,259
7e33f456-23ba-455d-8a72-e64dda69eb05,sample_a2,14,4,4,4,PASS,PASS,259
764df2f2-4dc2-4f07-9f81-dfdbd4942c63,sample_tr1,1,3,4,4,PASS,PASS,327
764df2f2-4dc2-4f07-9f81-dfdbd4942c63,sample_b5,2,3,3,3,PASS,PASS,327
764df2f2-4dc2-4f07-9f81-dfdbd4942c63,sample_b3,3,4,5,3,PASS,PASS,327
764df2f2-4dc2-4f07-9f81-dfdbd4942c63,sample_a6,4,4,5,5,PASS,PASS,327
764df2f2-4dc2-4f07-9f81-dfdbd4942c63,sample_a1,5,4,5,5,PASS,PASS,327
764df2f2-4dc2-4f07-9f81-dfdbd4942c63,sample_b2,6,3,4,4,PASS,PASS,327
764df2f2-4dc2-4f07-9f81-dfdbd4942c63,sample_a2,7,4,4,5,PASS,PASS,327
764df2f2-4dc2-4f07-9f81-dfdbd4942c63,sample_attn,8,1,5,3,PASS,PASS,327
764df2f2-4dc2-4f07-9f81-dfdbd4942c63,sample_a3,9,4,4,4,PASS,PASS,327
764df2f2-4dc2-4f07-9f81-dfdbd4942c63,sample_b4,10,3,4,5,PASS,PASS,327
764df2f2-4dc2-4f07-9f81-dfdbd4942c63,sample_a4,11,5,4,5,PASS,PASS,327
764df2f2-4dc2-4f07-9f81-dfdbd4942c63,sample_a5,12,5,4,5,PASS,PASS,327
764df2f2-4dc2-4f07-9f81-dfdbd4942c63,sample_b6,13,4,4,5,PASS,PASS,327
764df2f2-4dc2-4f07-9f81-dfdbd4942c63,sample_b1,14,4,4,3,PASS,PASS,327
80d5e6cc-f0c8-4fae-afc7-f45dcf8bde4d,sample_tr1,1,3,5,4,PASS,PASS,270
80d5e6cc-f0c8-4fae-afc7-f45dcf8bde4d,sample_b1,2,3,4,2,PASS,PASS,270
80d5e6cc-f0c8-4fae-afc7-f45dcf8bde4d,sample_b5,3,4,5,3,PASS,PASS,270
80d5e6cc-f0c8-4fae-afc7-f45dcf8bde4d,sample_a5,4,5,4,4,PASS,PASS,270
80d5e6cc-f0c8-4fae-afc7-f45dcf8bde4d,sample_b2,5,4,3,3,PASS,PASS,270
80d5e6cc-f0c8-4fae-afc7-f45dcf8bde4d,sample_b4,6,4,4,4,PASS,PASS,270
80d5e6cc-f0c8-4fae-afc7-f45dcf8bde4d,sample_a2,7,4,5,5,PASS,PASS,270
80d5e6cc-f0c8-4fae-afc7-f45dcf8bde4d,sample_attn,8,1,5,3,PASS,PASS,270
80d5e6cc-f0c8-4fae-afc7-f45dcf8bde4d,sample_a3,9,5,4,5,PASS,PASS,270
80d5e6cc-f0c8-4fae-afc7-f45dcf8bde4d,sample_a6,10,5,4,5,PASS,PASS,270
80d5e6cc-f0c8-4fae-afc7-f45dcf8bde4d,sample_b6,11,4,3,4,PASS,PASS,270
80d5e6cc-f0c8-4fae-afc7-f45dcf8bde4d,sample_b3,12,3,4,3,PASS,PASS,270
80d5e6cc-f0c8-4fae-afc7-f45dcf8bde4d,sample_a1,13,4,5,4,PASS,PASS,270
80d5e6cc-f0c8-4fae-afc7-f45dcf8bde4d,sample_a4,14,4,5,5,PASS,PASS,270
c2f2c5f6-f872-48b8-a6a6-c2f51610c263,sample_tr1,1,3,4,4,PASS,PASS,235
c2f2c5f6-f872-48b8-a6a6-c2f51610c263,sample_b4,2,4,5,4,PASS,PASS,235
c2f2c5f6-f872-48b8-a6a6-c2f51610c263,sample_a4,3,4,5,4,PASS,PASS,235
c2f2c5f6-f872-48b8-a6a6-c2f51610c263,sample_a1,4,5,5,4,PASS,PASS,235
c2f2c5f6-f872-48b8-a6a6-c2f51610c263,sample_a2,5,5,4,5,PASS,PASS,235
c2f2c5f6-f872-48b8-a6a6-c2f51610c263,sample_b3,6,4,4,5,PASS,PASS,235
c2f2c5f6-f872-48b8-a6a6-c2f51610c263,sample_b6,7,4,5,4,PASS,PASS,235
c2f2c5f6-f872-48b8-a6a6-c2f51610c263,sample_attn,8,1,5,3,PASS,PASS,235
c2f2c5f6-f872-48b8-a6a6-c2f51610c263,sample_a5,9,5,4,4,PASS,PASS,235
c2f2c5f6-f872-48b8-a6a6-c2f51610c263,sample_b1,10,4,4,3,PASS,PASS,235
c2f2c5f6-f872-48b8-a6a6-c2f51610c263,sample_b5,11,4,4,4,PASS,PASS,235
c2f2c5f6-f872-48b8-a6a6-c2f51610c263,sample_b2,12,4,5,3,PASS,PASS,235
c2f2c5f6-f872-48b8-a6a6-c2f51610c263,sample_a6,13,5,5,4,PASS,PASS,235
c2f2c5f6-f872-48b8-a6a6-c2f51610c263,sample_a3,14,5,5,5,PASS,PASS,235
4d0f77e8-0084-45da-b704-cff0114e40c4,sample_tr1,1,3,4,4,PASS,PASS,245
4d0f77e8-0084-45da-b704-cff0114e40c4,sample_b4,2,5,5,4,PASS,PASS,245
4d0f77e8-0084-45da-b704-cff0114e40c4,sample_a4,3,5,5,5,PASS,PASS,245
4d0f77e8-0084-45da-b704-cff0114e40c4,sample_b6,4,4,3,4,PASS,PASS,245
4d0f77e8-0084-45da-b704-cff0114e40c4,sample_a2,5,5,5,5,PASS,PASS,245
4d0f77e8-0084-45da-b704-cff0114e40c4,sample_b1,6,4,4,4,PASS,PASS,245
4d0f77e8-0084-45da-b704-cff0114e40c4,sample_a3,7,5,5,4,PASS,PASS,245
4d0f77e8-0084-45da-b704-cff0114e40c4,sample_attn,8,1,5,3,PASS,PASS,245
4d0f77e8-0084-45da-b704-cff0114e40c4,sample_a6,9,4,5,5,PASS,PASS,245
4d0f77e8-0084-45da-b704-cff0114e40c4,sample_a5,10,4,5,5,PASS,PASS,245
4d0f77e8-0084-45da-b704-cff0114e40c4,sample_b2,11,4,5,3,PASS,PASS,245
4d0f77e8-0084-45da-b704-cff0114e40c4,sample_b5,12,4,4,4,PASS,PASS,245
4d0f77e8-0084-45da-b704-cff0114e40c4,sample_a1,13,5,5,5,PASS,PASS,245
4d0f77e8-0084-45da-b704-cff0114e40c4,sample_b3,14,5,5,4,PASS,PASS,245
fb94807b-876c-4b62-af33-dfff0a75d496,sample_tr1,1,3,4,4,PASS,PASS,332
fb94807b-876c-4b62-af33-dfff0a75d496,sample_b2,2,3,5,4,PASS,PASS,332
fb94807b-876c-4b62-af33-dfff0a75d496,sample_a1,3,5,5,4,PASS,PASS,332
fb94807b-876c-4b62-af33-dfff0a75d496,sample_b6,4,5,5,3,PASS,PASS,332
fb94807b-876c-4b62-af33-dfff0a75d496,sample_a6,5,4,5,4,PASS,PASS,332
fb94807b-876c-4b62-af33-dfff0a75d496,sample_a2,6,5,5,5,PASS,PASS,332
fb94807b-876c-4b62-af33-dfff0a75d496,sample_b1,7,4,5,4,PASS,PASS,332
fb94807b-876c-4b62-af33-dfff0a75d496,sample_attn,8,1,5,3,PASS,PASS,332
fb94807b-876c-4b62-af33-dfff0a75d496,sample_b5,9,5,4,4,PASS,PASS,332
fb94807b-876c-4b62-af33-dfff0a75d496,sample_a3,10,5,5,5,PASS,PASS,332
fb94807b-876c-4b62-af33-dfff0a75d496,sample_a5,11,4,5,5,PASS,PASS,332
fb94807b-876c-4b62-af33-dfff0a75d496,sample_b3,12,3,4,5,PASS,PASS,332
fb94807b-876c-4b62-af33-dfff0a75d496,sample_a4,13,4,5,5,PASS,PASS,332
fb94807b-876c-4b62-af33-dfff0a75d496,sample_b4,14,5,4,5,PASS,PASS,332
0400ee0e-cf60-4d3a-b48e-09bc131f5046,sample_tr1,1,3,4,4,PASS,PASS,319
0400ee0e-cf60-4d3a-b48e-09bc131f5046,sample_a2,2,5,3,4,PASS,PASS,319
0400ee0e-cf60-4d3a-b48e-09bc131f5046,sample_a1,3,4,4,4,PASS,PASS,319
0400ee0e-cf60-4d3a-b48e-09bc131f5046,sample_b3,4,3,4,3,PASS,PASS,319
0400ee0e-cf60-4d3a-b48e-09bc131f5046,sample_b6,5,1,5,4,PASS,PASS,319
0400ee0e-cf60-4d3a-b48e-09bc131f5046,sample_b1,6,4,4,3,PASS,PASS,319
0400ee0e-cf60-4d3a-b48e-09bc131f5046,sample_a6,7,3,5,4,PASS,PASS,319
0400ee0e-cf60-4d3a-b48e-09bc131f5046,sample_attn,8,1,5,3,PASS,PASS,319
0400ee0e-cf60-4d3a-b48e-09bc131f5046,sample_b2,9,2,5,3,PASS,PASS,319
0400ee0e-cf60-4d3a-b48e-09bc131f5046,sample_a5,10,4,5,4,PASS,PASS,319
0400ee0e-cf60-4d3a-b48e-09bc131f5046,sample_b4,11,4,5,4,PASS,PASS,319
0400ee0e-cf60-4d3a-b48e-09bc131f5046,sample_a3,12,5,5,5,PASS,PASS,319
0400ee0e-cf60-4d3a-b48e-09bc131f5046,sample_a4,13,4,5,5,PASS,PASS,319
0400ee0e-cf60-4d3a-b48e-09bc131f5046,sample_b5,14,2,4,2,PASS,PASS,319
c98152fe-bec6-443a-b7af-1560df771272,sample_tr1,1,4,5,5,PASS,PASS,246
c98152fe-bec6-443a-b7af-1560df771272,sample_a4,2,4,4,5,PASS,PASS,246
c98152fe-bec6-443a-b7af-1560df771272,sample_b6,3,4,3,3,PASS,PASS,246
c98152fe-bec6-443a-b7af-1560df771272,sample_b3,4,4,4,4,PASS,PASS,246
c98152fe-bec6-443a-b7af-1560df771272,sample_b1,5,3,4,3,PASS,PASS,246
c98152fe-bec6-443a-b7af-1560df771272,sample_a5,6,4,4,4,PASS,PASS,246
c98152fe-bec6-443a-b7af-1560df771272,sample_b5,7,3,4,4,PASS,PASS,246
c98152fe-bec6-443a-b7af-1560df771272,sample_attn,8,1,5,3,PASS,PASS,246
c98152fe-bec6-443a-b7af-1560df771272,sample_a2,9,5,4,2,PASS,PASS,246
c98152fe-bec6-443a-b7af-1560df771272,sample_b4,10,3,3,4,PASS,PASS,246
c98152fe-bec6-443a-b7af-1560df771272,sample_a1,11,4,5,4,PASS,PASS,246
c98152fe-bec6-443a-b7af-1560df771272,sample_a6,12,4,4,5,PASS,PASS,246
c98152fe-bec6-443a-b7af-1560df771272,sample_a3,13,4,4,3,PASS,PASS,246
c98152fe-bec6-443a-b7af-1560df771272,sample_b2,14,3,3,3,PASS,PASS,246
b8f05d81-f90e-4d31-a7f6-13b2eb081ffa,sample_tr1,1,3,5,4,PASS,PASS,269
b8f05d81-f90e-4d31-a7f6-13b2eb081ffa,sample_b2,2,4,5,2,PASS,PASS,269
b8f05d81-f90e-4d31-a7f6-13b2eb081ffa,sample_b1,3,3,4,4,PASS,PASS,269
b8f05d81-f90e-4d31-a7f6-13b2eb081ffa,sample_a4,4,4,4,4,PASS,PASS,269
b8f05d81-f90e-4d31-a7f6-13b2eb081ffa,sample_b5,5,4,4,4,PASS,PASS,269
b8f05d81-f90e-4d31-a7f6-13b2eb081ffa,sample_b4,6,3,4,4,PASS,PASS,269
b8f05d81-f90e-4d31-a7f6-13b2eb081ffa,sample_a6,7,5,5,4,PASS,PASS,269
b8f05d81-f90e-4d31-a7f6-13b2eb081ffa,sample_attn,8,1,5,3,PASS,PASS,269
b8f05d81-f90e-4d31-a7f6-13b2eb081ffa,sample_b3,9,3,4,4,PASS,PASS,269
b8f05d81-f90e-4d31-a7f6-13b2eb081ffa,sample_a5,10,4,4,4,PASS,PASS,269
b8f05d81-f90e-4d31-a7f6-13b2eb081ffa,sample_a2,11,3,4,5,PASS,PASS,269
b8f05d81-f90e-4d31-a7f6-13b2eb081ffa,sample_a3,12,4,5,5,PASS,PASS,269
b8f05d81-f90e-4d31-a7f6-13b2eb081ffa,sample_a1,13,4,4,5,PASS,PASS,269
b8f05d81-f90e-4d31-a7f6-13b2eb081ffa,sample_b6,14,3,4,4,PASS,PASS,269
759fc179-39d2-4de5-b13a-8c459d0d84b1,sample_tr1,1,3,4,4,PASS,PASS,310
759fc179-39d2-4de5-b13a-8c459d0d84b1,sample_b2,2,4,2,4,PASS,PASS,310
759fc179-39d2-4de5-b13a-8c459d0d84b1,sample_b5,3,3,3,4,PASS,PASS,310
759fc179-39d2-4de5-b13a-8c459d0d84b1,sample_b6,4,3,2,4,PASS,PASS,310
759fc179-39d2-4de5-b13a-8c459d0d84b1,sample_b1,5,4,3,3,PASS,PASS,310
759fc179-39d2-4de5-b13a-8c459d0d84b1,sample_b4,6,4,3,4,PASS,PASS,310
759fc179-39d2-4de5-b13a-8c459d0d84b1,sample_a3,7,4,4,5,PASS,PASS,310
759fc179-39d2-4de5-b13a-8c459d0d84b1,sample_attn,8,1,5,3,PASS,PASS,310
759fc179-39d2-4de5-b13a-8c459d0d84b1,sample_a6,9,5,4,4,PASS,PASS,310
759fc179-39d2-4de5-b13a-8c459d0d84b1,sample_a2,10,5,4,5,PASS,PASS,310
759fc179-39d2-4de5-b13a-8c459d0d84b1,sample_a1,11,5,4,5,PASS,PASS,310
759fc179-39d2-4de5-b13a-8c459d0d84b1,sample_b3,12,4,4,4,PASS,PASS,310
759fc179-39d2-4de5-b13a-8c459d0d84b1,sample_a5,13,4,4,5,PASS,PASS,310
759fc179-39d2-4de5-b13a-8c459d0d84b1,sample_a4,14,4,5,4,PASS,PASS,310
cb7fcb25-fb35-4bd6-86ff-eb801fc74ef2,sample_tr1,1,3,5,4,PASS,PASS,271
cb7fcb25-fb35-4bd6-86ff-eb801fc74ef2,sample_b6,2,3,5,4,PASS,PASS,271
cb7fcb25-fb35-4bd6-86ff-eb801fc74ef2,sample_a1,3,5,4,5,PASS,PASS,271
cb7fcb25-fb35-4bd6-86ff-eb801fc74ef2,sample_a4,4,4,5,4,PASS,PASS,271
cb7fcb25-fb35-4bd6-86ff-eb801fc74ef2,sample_a2,5,4,5,4,PASS,PASS,271
cb7fcb25-fb35-4bd6-86ff-eb801fc74ef2,sample_b4,6,4,5,3,PASS,PASS,271
cb7fcb25-fb35-4bd6-86ff-eb801fc74ef2,sample_b2,7,2,4,3,PASS,PASS,271
cb7fcb25-fb35-4bd6-86ff-eb801fc74ef2,sample_attn,8,1,5,3,PASS,PASS,271
cb7fcb25-fb35-4bd6-86ff-eb801fc74ef2,sample_b1,9,2,4,4,PASS,PASS,271
cb7fcb25-fb35-4bd6-86ff-eb801fc74ef2,sample_b3,10,3,3,4,PASS,PASS,271
cb7fcb25-fb35-4bd6-86ff-eb801fc74ef2,sample_a5,11,5,4,4,PASS,PASS,271
cb7fcb25-fb35-4bd6-86ff-eb801fc74ef2,sample_a6,12,4,5,4,PASS,PASS,271
cb7fcb25-fb35-4bd6-86ff-eb801fc74ef2,sample_b5,13,4,4,4,PASS,PASS,271
cb7fcb25-fb35-4bd6-86ff-eb801fc74ef2,sample_a3,14,4,4,4,PASS,PASS,271
6c79d20f-76ba-4a79-9a05-fe3bbd572490,sample_tr1,1,4,5,5,PASS,PASS,269
6c79d20f-76ba-4a79-9a05-fe3bbd572490,sample_b4,2,4,4,5,PASS,PASS,269
6c79d20f-76ba-4a79-9a05-fe3bbd572490,sample_a1,3,5,5,5,PASS,PASS,269
6c79d20f-76ba-4a79-9a05-fe3bbd572490,sample_a2,4,5,5,5,PASS,PASS,269
6c79d20f-76ba-4a79-9a05-fe3bbd572490,sample_a3,5,4,4,5,PASS,PASS,269
6c79d20f-76ba-4a79-9a05-fe3bbd572490,sample_b3,6,3,4,4,PASS,PASS,269
6c79d20f-76ba-4a79-9a05-fe3bbd572490,sample_a5,7,5,5,5,PASS,PASS,269
6c79d20f-76ba-4a79-9a05-fe3bbd572490,sample_attn,8,1,5,3,PASS,PASS,269
6c79d20f-76ba-4a79-9a05-fe3bbd572490,sample_a4,9,5,5,5,PASS,PASS,269
6c79d20f-76ba-4a79-9a05-fe3bbd572490,sample_b2,10,3,3,5,PASS,PASS,269
6c79d20f-76ba-4a79-9a05-fe3bbd572490,sample_a6,11,5,5,5,PASS,PASS,269
6c79d20f-76ba-4a79-9a05-fe3bbd572490,sample_b5,12,4,5,4,PASS,PASS,269
6c79d20f-76ba-4a79-9a05-fe3bbd572490,sample_b1,13,4,5,3,PASS,PASS,269
6c79d20f-76ba-4a79-9a05-fe3bbd572490,sample_b6,14,5,4,4,PASS,PASS,269
1ccb2081-a004-4280-8298-fa8bb222b136,sample_tr1,1,4,4,4,PASS,PASS,228
1ccb2081-a004-4280-8298-fa8bb222b136,sample_a1,2,3,4,4,PASS,PASS,228
1ccb2081-a004-4280-8298-fa8bb222b136,sample_a2,3,5,4,4,PASS,PASS,228
1ccb2081-a004-4280-8298-fa8bb222b136,sample_b5,4,3,3,3,PASS,PASS,228
1ccb2081-a004-4280-8298-fa8bb222b136,sample_b6,5,4,3,3,PASS,PASS,228
1ccb2081-a004-4280-8298-fa8bb222b136,sample_a3,6,4,4,4,PASS,PASS,228
1ccb2081-a004-4280-8298-fa8bb222b136,sample_b2,7,2,4,3,PASS,PASS,228
1ccb2081-a004-4280-8298-fa8bb222b136,sample_attn,8,1,5,3,PASS,PASS,228
1ccb2081-a004-4280-8298-fa8bb222b136,sample_a5,9,5,5,4,PASS,PASS,228
1ccb2081-a004-4280-8298-fa8bb222b136,sample_b3,10,5,2,3,PASS,PASS,228
1ccb2081-a004-4280-8298-fa8bb222b136,sample_a4,11,5,4,4,PASS,PASS,228
1ccb2081-a004-4280-8298-fa8bb222b136,sample_b4,12,4,4,3,PASS,PASS,228
1ccb2081-a004-4280-8298-fa8bb222b136,sample_a6,13,4,4,4,PASS,PASS,228
1ccb2081-a004-4280-8298-fa8bb222b136,sample_b1,14,4,4,4,PASS,PASS,228
bbdd71eb-c828-49bf-acbc-41ed46cf2417,sample_tr1,1,3,4,4,PASS,PASS,265
bbdd71eb-c828-49bf-acbc-41ed46cf2417,sample_a1,2,4,4,4,PASS,PASS,265
bbdd71eb-c828-49bf-acbc-41ed46cf2417,sample_b2,3,4,4,3,PASS,PASS,265
bbdd71eb-c828-49bf-acbc-41ed46cf2417,sample_a4,4,4,4,4,PASS,PASS,265
bbdd71eb-c828-49bf-acbc-41ed46cf2417,sample_b3,5,4,3,3,PASS,PASS,265
bbdd71eb-c828-49bf-acbc-41ed46cf2417,sample_b5,6,3,3,4,PASS,PASS,265
bbdd71eb-c828-49bf-acbc-41ed46cf2417,sample_b1,7,3,4,3,PASS,PASS,265
bbdd71eb-c828-49bf-acbc-41ed46cf2417,sample_attn,8,1,5,3,PASS,PASS,265
bbdd71eb-c828-49bf-acbc-41ed46cf2417,sample_a2,9,4,4,4,PASS,PASS,265
bbdd71eb-c828-49bf-acbc-41ed46cf2417,sample_a6,10,4,5,5,PASS,PASS,265
bbdd71eb-c828-49bf-acbc-41ed46cf2417,sample_a5,11,4,4,4,PASS,PASS,265
bbdd71eb-c828-49bf-acbc-41ed46cf2417,sample_a3,12,4,4,4,PASS,PASS,265
bbdd71eb-c828-49bf-acbc-41ed46cf2417,sample_b4,13,5,4,3,PASS,PASS,265
bbdd71eb-c828-49bf-acbc-41ed46cf2417,sample_b6,14,3,4,4,PASS,PASS,265
08a0cdcc-f9c7-48a4-ab6c-83bfdda5030e,sample_tr1,1,4,5,5,PASS,PASS,282
08a0cdcc-f9c7-48a4-ab6c-83bfdda5030e,sample_b5,2,4,4,4,PASS,PASS,282
08a0cdcc-f9c7-48a4-ab6c-83bfdda5030e,sample_b4,3,5,5,3,PASS,PASS,282
08a0cdcc-f9c7-48a4-ab6c-83bfdda5030e,sample_b3,4,2,5,3,PASS,PASS,282
08a0cdcc-f9c7-48a4-ab6c-83bfdda5030e,sample_a6,5,5,5,5,PASS,PASS,282
08a0cdcc-f9c7-48a4-ab6c-83bfdda5030e,sample_b6,6,4,4,5,PASS,PASS,282
08a0cdcc-f9c7-48a4-ab6c-83bfdda5030e,sample_a4,7,5,5,5,PASS,PASS,282
08a0cdcc-f9c7-48a4-ab6c-83bfdda5030e,sample_attn,8,1,5,3,PASS,PASS,282
08a0cdcc-f9c7-48a4-ab6c-83bfdda5030e,sample_a2,9,5,5,5,PASS,PASS,282
08a0cdcc-f9c7-48a4-ab6c-83bfdda5030e,sample_a1,10,5,5,5,PASS,PASS,282
08a0cdcc-f9c7-48a4-ab6c-83bfdda5030e,sample_a5,11,5,5,4,PASS,PASS,282
08a0cdcc-f9c7-48a4-ab6c-83bfdda5030e,sample_b2,12,4,5,4,PASS,PASS,282
08a0cdcc-f9c7-48a4-ab6c-83bfdda5030e,sample_b1,13,4,4,4,PASS,PASS,282
08a0cdcc-f9c7-48a4-ab6c-83bfdda5030e,sample_a3,14,4,5,5,PASS,PASS,282
176ae29b-4787-405a-b891-80633b4f5b31,sample_tr1,1,3,4,4,PASS,PASS,264
176ae29b-4787-405a-b891-80633b4f5b31,sample_b4,2,3,5,3,PASS,PASS,264
176ae29b-4787-405a-b891-80633b4f5b31,sample_b5,3,3,5,4,PASS,PASS,264
176ae29b-4787-405a-b891-80633b4f5b31,sample_a1,4,4,4,5,PASS,PASS,264
176ae29b-4787-405a-b891-80633b4f5b31,sample_a4,5,5,5,5,PASS,PASS,264
176ae29b-4787-405a-b891-80633b4f5b31,sample_a5,6,4,5,4,PASS,PASS,264
176ae29b-4787-405a-b891-80633b4f5b31,sample_a2,7,4,5,5,PASS,PASS,264
176ae29b-4787-405a-b891-80633b4f5b31,sample_attn,8,1,5,3,PASS,PASS,264
176ae29b-4787-405a-b891-80633b4f5b31,sample_b3,9,5,3,4,PASS,PASS,264
176ae29b-4787-405a-b891-80633b4f5b31,sample_b1,10,3,5,4,PASS,PASS,264
176ae29b-4787-405a-b891-80633b4f5b31,sample_b2,11,4,3,5,PASS,PASS,264
176ae29b-4787-405a-b891-80633b4f5b31,sample_a3,12,5,5,4,PASS,PASS,264
176ae29b-4787-405a-b891-80633b4f5b31,sample_b6,13,3,4,4,PASS,PASS,264
176ae29b-4787-405a-b891-80633b4f5b31,sample_a6,14,5,5,5,PASS,PASS,264
1f491345-6759-4789-b8de-dc505013f841,sample_tr1,1,4,4,4,PASS,PASS,282
1f491345-6759-4789-b8de-dc505013f841,sample_a3,2,5,5,5,PASS,PASS,282
1f491345-6759-4789-b8de-dc505013f841,sample_b4,3,4,5,3,PASS,PASS,282
1f491345-6759-4789-b8de-dc505013f841,sample_a1,4,4,4,5,PASS,PASS,282
1f491345-6759-4789-b8de-dc505013f841,sample_b6,5,3,5,4,PASS,PASS,282
1f491345-6759-4789-b8de-dc505013f841,sample_a6,6,4,5,5,PASS,PASS,282
1f491345-6759-4789-b8de-dc505013f841,sample_a2,7,5,5,5,PASS,PASS,282
1f491345-6759-4789-b8de-dc505013f841,sample_attn,8,1,5,3,PASS,PASS,282
1f491345-6759-4789-b8de-dc505013f841,sample_b5,9,4,5,4,PASS,PASS,282
1f491345-6759-4789-b8de-dc505013f841,sample_a5,10,5,5,5,PASS,PASS,282
1f491345-6759-4789-b8de-dc505013f841,sample_a4,11,5,5,4,PASS,PASS,282
1f491345-6759-4789-b8de-dc505013f841,sample_b1,12,5,4,5,PASS,PASS,282
1f491345-6759-4789-b8de-dc505013f841,sample_b2,13,3,4,2,PASS,PASS,282
1f491345-6759-4789-b8de-dc505013f841,sample_b3,14,4,3,4,PASS,PASS,282
77baabcb-89c8-4158-9641-adbc03e642d0,sample_tr1,1,3,5,4,PASS,PASS,335
77baabcb-89c8-4158-9641-adbc03e642d0,sample_a1,2,5,4,4,PASS,PASS,335
77baabcb-89c8-4158-9641-adbc03e642d0,sample_b6,3,4,3,3,PASS,PASS,335
77baabcb-89c8-4158-9641-adbc03e642d0,sample_b1,4,5,3,4,PASS,PASS,335
77baabcb-89c8-4158-9641-adbc03e642d0,sample_a6,5,5,4,5,PASS,PASS,335
77baabcb-89c8-4158-9641-adbc03e642d0,sample_a2,6,5,5,5,PASS,PASS,335
77baabcb-89c8-4158-9641-adbc03e642d0,sample_a3,7,4,5,5,PASS,PASS,335
77baabcb-89c8-4158-9641-adbc03e642d0,sample_attn,8,1,5,3,PASS,PASS,335
77baabcb-89c8-4158-9641-adbc03e642d0,sample_b2,9,4,4,4,PASS,PASS,335
77baabcb-89c8-4158-9641-adbc03e642d0,sample_b4,10,4,4,5,PASS,PASS,335
77baabcb-89c8-4158-9641-adbc03e642d0,sample_a4,11,5,5,5,PASS,PASS,335
77baabcb-89c8-4158-9641-adbc03e642d0,sample_a5,12,5,5,5,PASS,PASS,335
77baabcb-89c8-4158-9641-adbc03e642d0,sample_b5,13,3,5,4,PASS,PASS,335
77baabcb-89c8-4158-9641-adbc03e642d0,sample_b3,14,3,4,5,PASS,PASS,335
906ad0d5-d1a3-4ee9-bc8c-8032c2cf7a90,sample_tr1,1,3,5,4,PASS,PASS,316
906ad0d5-d1a3-4ee9-bc8c-8032c2cf7a90,sample_b4,2,3,4,4,PASS,PASS,316
906ad0d5-d1a3-4ee9-bc8c-8032c2cf7a90,sample_b2,3,2,4,4,PASS,PASS,316
906ad0d5-d1a3-4ee9-bc8c-8032c2cf7a90,sample_a6,4,4,4,4,PASS,PASS,316
906ad0d5-d1a3-4ee9-bc8c-8032c2cf7a90,sample_b1,5,4,4,3,PASS,PASS,316
906ad0d5-d1a3-4ee9-bc8c-8032c2cf7a90,sample_a2,6,4,4,4,PASS,PASS,316
906ad0d5-d1a3-4ee9-bc8c-8032c2cf7a90,sample_b3,7,4,4,3,PASS,PASS,316
906ad0d5-d1a3-4ee9-bc8c-8032c2cf7a90,sample_attn,8,1,5,3,PASS,PASS,316
906ad0d5-d1a3-4ee9-bc8c-8032c2cf7a90,sample_a5,9,4,4,4,PASS,PASS,316
906ad0d5-d1a3-4ee9-bc8c-8032c2cf7a90,sample_b6,10,5,5,2,PASS,PASS,316
906ad0d5-d1a3-4ee9-bc8c-8032c2cf7a90,sample_a1,11,5,3,4,PASS,PASS,316
906ad0d5-d1a3-4ee9-bc8c-8032c2cf7a90,sample_a3,12,4,4,3,PASS,PASS,316
906ad0d5-d1a3-4ee9-bc8c-8032c2cf7a90,sample_b5,13,3,3,4,PASS,PASS,316
906ad0d5-d1a3-4ee9-bc8c-8032c2cf7a90,sample_a4,14,5,5,5,PASS,PASS,316
e256bda7-37a0-4061-b5cb-8dc8925a6fcc,sample_tr1,1,3,5,4,PASS,PASS,227
e256bda7-37a0-4061-b5cb-8dc8925a6fcc,sample_a3,2,5,5,5,PASS,PASS,227
e256bda7-37a0-4061-b5cb-8dc8925a6fcc,sample_b2,3,4,5,5,PASS,PASS,227
e256bda7-37a0-4061-b5cb-8dc8925a6fcc,sample_b3,4,3,4,3,PASS,PASS,227
e256bda7-37a0-4061-b5cb-8dc8925a6fcc,sample_b4,5,4,5,4,PASS,PASS,227
e256bda7-37a0-4061-b5cb-8dc8925a6fcc,sample_a2,6,4,5,4,PASS,PASS,227
e256bda7-37a0-4061-b5cb-8dc8925a6fcc,sample_b6,7,3,4,2,PASS,PASS,227
e256bda7-37a0-4061-b5cb-8dc8925a6fcc,sample_attn,8,1,5,3,PASS,PASS,227
e256bda7-37a0-4061-b5cb-8dc8925a6fcc,sample_a6,9,5,5,4,PASS,PASS,227
e256bda7-37a0-4061-b5cb-8dc8925a6fcc,sample_a1,10,5,4,5,PASS,PASS,227
e256bda7-37a0-4061-b5cb-8dc8925a6fcc,sample_a5,11,4,5,5,PASS,PASS,227
e256bda7-37a0-4061-b5cb-8dc8925a6fcc,sample_b5,12,3,4,4,PASS,PASS,227
e256bda7-37a0-4061-b5cb-8dc8925a6fcc,sample_b1,13,3,4,4,PASS,PASS,227
e256bda7-37a0-4061-b5cb-8dc8925a6fcc,sample_a4,14,5,4,5,PASS,PASS,227
41d516d6-e090-410f-8221-2fbf2c33c844,sample_tr1,1,4,4,4,PASS,PASS,331
41d516d6-e090-410f-8221-2fbf2c33c844,sample_a4,2,4,5,3,PASS,PASS,331
41d516d6-e090-410f-8221-2fbf2c33c844,sample_b2,3,1,4,4,PASS,PASS,331
41d516d6-e090-410f-8221-2fbf2c33c844,sample_a5,4,5,5,4,PASS,PASS,331
41d516d6-e090-410f-8221-2fbf2c33c844,sample_b1,5,4,4,3,PASS,PASS,331
41d516d6-e090-410f-8221-2fbf2c33c844,sample_b5,6,4,4,5,PASS,PASS,331
41d516d6-e090-410f-8221-2fbf2c33c844,sample_a6,7,4,5,5,PASS,PASS,331
41d516d6-e090-410f-8221-2fbf2c33c844,sample_attn,8,1,5,3,PASS,PASS,331
41d516d6-e090-410f-8221-2fbf2c33c844,sample_a2,9,5,5,4,PASS,PASS,331
41d516d6-e090-410f-8221-2fbf2c33c844,sample_b4,10,3,3,4,PASS,PASS,331
41d516d6-e090-410f-8221-2fbf2c33c844,sample_a1,11,4,4,4,PASS,PASS,331
41d516d6-e090-410f-8221-2fbf2c33c844,sample_a3,12,4,5,5,PASS,PASS,331
41d516d6-e090-410f-8221-2fbf2c33c844,sample_b6,13,3,4,4,PASS,PASS,331
41d516d6-e090-410f-8221-2fbf2c33c844,sample_b3,14,3,5,3,PASS,PASS,331
ca88dc52-628e-4482-846f-da14fb1ccc44,sample_tr1,1,4,4,4,PASS,PASS,250
ca88dc52-628e-4482-846f-da14fb1ccc44,sample_b3,2,2,4,3,PASS,PASS,250
ca88dc52-628e-4482-846f-da14fb1ccc44,sample_b2,3,3,4,5,PASS,PASS,250
ca88dc52-628e-4482-846f-da14fb1ccc44,sample_a6,4,3,5,4,PASS,PASS,250
ca88dc52-628e-4482-846f-da14fb1ccc44,sample_b1,5,3,5,3,PASS,PASS,250
ca88dc52-628e-4482-846f-da14fb1ccc44,sample_a2,6,4,5,4,PASS,PASS,250
ca88dc52-628e-4482-846f-da14fb1ccc44,sample_b4,7,3,5,3,PASS,PASS,250
ca88dc52-628e-4482-846f-da14fb1ccc44,sample_attn,8,1,5,3,PASS,PASS,250
ca88dc52-628e-4482-846f-da14fb1ccc44,sample_b5,9,4,4,3,PASS,PASS,250
ca88dc52-628e-4482-846f-da14fb1ccc44,sample_a5,10,5,4,4,PASS,PASS,250
ca88dc52-628e-4482-846f-da14fb1ccc44,sample_a3,11,4,5,4,PASS,PASS,250
ca88dc52-628e-4482-846f-da14fb1ccc44,sample_a1,12,4,5,5,PASS,PASS,250
ca88dc52-628e-4482-846f-da14fb1ccc44,sample_b6,13,3,5,2,PASS,PASS,250
ca88dc52-628e-4482-846f-da14fb1ccc44,sample_a4,14,4,4,4,PASS,PASS,250
5d43f694-86f6-446d-a160-ef696e182917,sample_tr1,1,3,5,4,PASS,PASS,281
5d43f694-86f6-446d-a160-ef696e182917,sample_b1,2,3,4,5,PASS,PASS,281
5d43f694-86f6-446d-a160-ef696e182917,sample_a2,3,5,4,5,PASS,PASS,281
5d43f694-86f6-446d-a160-ef696e182917,sample_a6,4,5,5,5,PASS,PASS,281
5d43f694-86f6-446d-a160-ef696e182917,sample_b3,5,5,5,3,PASS,PASS,281
5d43f694-86f6-446d-a160-ef696e182917,sample_a5,6,5,5,5,PASS,PASS,281
5d43f694-86f6-446d-a160-ef696e182917,sample_b5,7,4,5,4,PASS,PASS,281
5d43f694-86f6-446d-a160-ef696e182917,sample_attn,8,1,5,3,PASS,PASS,281
5d43f694-86f6-446d-a160-ef696e182917,sample_a1,9,4,5,5,PASS,PASS,281
5d43f694-86f6-446d-a160-ef696e182917,sample_b6,10,4,3,4,PASS,PASS,281
5d43f694-86f6-446d-a160-ef696e182917,sample_a4,11,5,5,5,PASS,PASS,281
5d43f694-86f6-446d-a160-ef696e182917,sample_b2,12,5,4,3,PASS,PASS,281
5d43f694-86f6-446d-a160-ef696e182917,sample_b4,13,5,5,5,PASS,PASS,281
5d43f694-86f6-446d-a160-ef696e182917,sample_a3,14,5,5,5,PASS,PASS,281
ecdacb79-d097-46b6-80b1-373d97934092,sample_tr1,1,3,4,4,PASS,PASS,231
ecdacb79-d097-46b6-80b1-373d97934092,sample_b1,2,3,4,3,PASS,PASS,231
ecdacb79-d097-46b6-80b1-373d97934092,sample_b2,3,4,5,2,PASS,PASS,231
ecdacb79-d097-46b6-80b1-373d97934092,sample_a5,4,4,5,5,PASS,PASS,231
ecdacb79-d097-46b6-80b1-373d97934092,sample_b4,5,4,5,5,PASS,PASS,231
ecdacb79-d097-46b6-80b1-373d97934092,sample_b6,6,4,4,4,PASS,PASS,231
ecdacb79-d097-46b6-80b1-373d97934092,sample_a4,7,5,5,5,PASS,PASS,231
ecdacb79-d097-46b6-80b1-373d97934092,sample_attn,8,1,5,3,PASS,PASS,231
ecdacb79-d097-46b6-80b1-373d97934092,sample_a6,9,5,5,5,PASS,PASS,231
ecdacb79-d097-46b6-80b1-373d97934092,sample_a2,10,5,4,5,PASS,PASS,231
ecdacb79-d097-46b6-80b1-373d97934092,sample_b5,11,4,5,4,PASS,PASS,231
ecdacb79-d097-46b6-80b1-373d97934092,sample_a3,12,5,4,4,PASS,PASS,231
ecdacb79-d097-46b6-80b1-373d97934092,sample_a1,13,5,5,4,PASS,PASS,231
ecdacb79-d097-46b6-80b1-373d97934092,sample_b3,14,4,5,4,PASS,PASS,231
6dd41be9-8a14-4c8f-bf8d-005a319cb711,sample_tr1,1,4,4,4,PASS,PASS,258
6dd41be9-8a14-4c8f-bf8d-005a319cb711,sample_a2,2,4,5,4,PASS,PASS,258
6dd41be9-8a14-4c8f-bf8d-005a319cb711,sample_b2,3,3,3,4,PASS,PASS,258
6dd41be9-8a14-4c8f-bf8d-005a319cb711,sample_a1,4,5,4,4,PASS,PASS,258
6dd41be9-8a14-4c8f-bf8d-005a319cb711,sample_b4,5,3,4,5,PASS,PASS,258
6dd41be9-8a14-4c8f-bf8d-005a319cb711,sample_b1,6,4,4,4,PASS,PASS,258
6dd41be9-8a14-4c8f-bf8d-005a319cb711,sample_b6,7,3,5,4,PASS,PASS,258
6dd41be9-8a14-4c8f-bf8d-005a319cb711,sample_attn,8,1,5,3,PASS,PASS,258
6dd41be9-8a14-4c8f-bf8d-005a319cb711,sample_a6,9,5,3,4,PASS,PASS,258
6dd41be9-8a14-4c8f-bf8d-005a319cb711,sample_b3,10,3,3,4,PASS,PASS,258
6dd41be9-8a14-4c8f-bf8d-005a319cb711,sample_a3,11,4,5,5,PASS,PASS,258
6dd41be9-8a14-4c8f-bf8d-005a319cb711,sample_a4,12,4,5,5,PASS,PASS,258
6dd41be9-8a14-4c8f-bf8d-005a319cb711,sample_b5,13,3,5,3,PASS,PASS,258
6dd41be9-8a14-4c8f-bf8d-005a319cb711,sample_a5,14,4,5,5,PASS,PASS,258
4d85b717-f451-4ee5-9973-e2e82ff6c754,sample_tr1,1,4,4,4,PASS,PASS,338
4d85b717-f451-4ee5-9973-e2e82ff6c754,sample_b3,2,5,4,3,PASS,PASS,338
4d85b717-f451-4ee5-9973-e2e82ff6c754,sample_b1,3,5,5,4,PASS,PASS,338
4d85b717-f451-4ee5-9973-e2e82ff6c754,sample_b4,4,3,4,4,PASS,PASS,338
4d85b717-f451-4ee5-9973-e2e82ff6c754,sample_a2,5,5,5,5,PASS,PASS,338
4d85b717-f451-4ee5-9973-e2e82ff6c754,sample_a5,6,4,5,4,PASS,PASS,338
4d85b717-f451-4ee5-9973-e2e82ff6c754,sample_a3,7,4,5,5,PASS,PASS,338
4d85b717-f451-4ee5-9973-e2e82ff6c754,sample_attn,8,1,5,3,PASS,PASS,338
4d85b717-f451-4ee5-9973-e2e82ff6c754,sample_b2,9,4,4,5,PASS,PASS,338
4d85b717-f451-4ee5-9973-e2e82ff6c754,sample_a1,10,4,5,5,PASS,PASS,338
4d85b717-f451-4ee5-9973-e2e82ff6c754,sample_a4,11,5,5,4,PASS,PASS,338
4d85b717-f451-4ee5-9973-e2e82ff6c754,sample_a6,12,4,5,4,PASS,PASS,338
4d85b717-f451-4ee5-9973-e2e82ff6c754,sample_b5,13,4,5,4,PASS,PASS,338
4d85b717-f451-4ee5-9973-e2e82ff6c754,sample_b6,14,5,4,3,PASS,PASS,338
1acd98d3-ceae-4488-aeac-9dec9e88a857,sample_tr1,1,3,4,4,PASS,FAIL,153
1acd98d3-ceae-4488-aeac-9dec9e88a857,sample_a4,2,5,5,5,PASS,FAIL,153
1acd98d3-ceae-4488-aeac-9dec9e88a857,sample_b3,3,4,5,5,PASS,FAIL,153
1acd98d3-ceae-4488-aeac-9dec9e88a857,sample_b4,4,5,4,5,PASS,FAIL,153
1acd98d3-ceae-4488-aeac-9dec9e88a857,sample_a1,5,5,4,5,PASS,FAIL,153
1acd98d3-ceae-4488-aeac-9dec9e88a857,sample_a5,6,4,4,5,PASS,FAIL,153
1acd98d3-ceae-4488-aeac-9dec9e88a857,sample_a2,7,3,3,3,PASS,FAIL,153
1acd98d3-ceae-4488-aeac-9dec9e88a857,sample_attn,8,3,4,4,PASS,FAIL,153
1acd98d3-ceae-4488-aeac-9dec9e88a857,sample_b2,9,3,3,3,PASS,FAIL,153
1acd98d3-ceae-4488-aeac-9dec9e88a857,sample_a3,10,4,4,4,PASS,FAIL,153
1acd98d3-ceae-4488-aeac-9dec9e88a857,sample_b5,11,3,5,5,PASS,FAIL,153
1acd98d3-ceae-4488-aeac-9dec9e88a857,sample_b1,12,4,3,3,PASS,FAIL,153
1acd98d3-ceae-4488-aeac-9dec9e88a857,sample_b6,13,2,4,5,PASS,FAIL,153
1acd98d3-ceae-4488-aeac-9dec9e88a857,sample_a6,14,5,5,5,PASS,FAIL,153
e8aa07cd-1cb4-4d34-b414-a6cb944c7570,sample_tr1,1,4,5,5,FAIL,PASS,144
e8aa07cd-1cb4-4d34-b414-a6cb944c7570,sample_a6,2,3,3,3,FAIL,PASS,144
e8aa07cd-1cb4-4d34-b414-a6cb944c7570,sample_b2,3,5,5,3,FAIL,PASS,144
e8aa07cd-1cb4-4d34-b414-a6cb944c7570,sample_b3,4,3,3,3,FAIL,PASS,144
e8aa07cd-1cb4-4d34-b414-a6cb944c7570,sample_a4,5,3,3,3,FAIL,PASS,144
e8aa07cd-1cb4-4d34-b414-a6cb944c7570,sample_b5,6,4,5,3,FAIL,PASS,144
e8aa07cd-1cb4-4d34-b414-a6cb944c7570,sample_a1,7,5,5,4,FAIL,PASS,144
e8aa07cd-1cb4-4d34-b414-a6cb944c7570,sample_attn,8,1,5,3,FAIL,PASS,144
e8aa07cd-1cb4-4d34-b414-a6cb944c7570,sample_a5,9,5,4,4,FAIL,PASS,144
e8aa07cd-1cb4-4d34-b414-a6cb944c7570,sample_b4,10,3,4,4,FAIL,PASS,144
e8aa07cd-1cb4-4d34-b414-a6cb944c7570,sample_b1,11,4,4,5,FAIL,PASS,144
e8aa07cd-1cb4-4d34-b414-a6cb944c7570,sample_a3,12,5,5,5,FAIL,PASS,144
e8aa07cd-1cb4-4d34-b414-a6cb944c7570,sample_a2,13,5,5,4,FAIL,PASS,144
e8aa07cd-1cb4-4d34-b414-a6cb944c7570,sample_b6,14,3,3,3,FAIL,PASS,144
81c37b1b-8f6c-4b88-bdbc-58f8aabe678e,sample_tr1,1,4,5,5,PASS,PASS,141
81c37b1b-8f6c-4b88-bdbc-58f8aabe678e,sample_b2,2,3,3,3,PASS,PASS,141
81c37b1b-8f6c-4b88-bdbc-58f8aabe678e,sample_b1,3,3,4,3,PASS,PASS,141
81c37b1b-8f6c-4b88-bdbc-58f8aabe678e,sample_a2,4,5,5,4,PASS,PASS,141
81c37b1b-8f6c-4b88-bdbc-58f8aabe678e,sample_b5,5,3,4,4,PASS,PASS,141
81c37b1b-8f6c-4b88-bdbc-58f8aabe678e,sample_a1,6,4,5,4,PASS,PASS,141
81c37b1b-8f6c-4b88-bdbc-58f8aabe678e,sample_a6,7,4,4,5,PASS,PASS,141
81c37b1b-8f6c-4b88-bdbc-58f8aabe678e,sample_attn,8,1,5,3,PASS,PASS,141
81c37b1b-8f6c-4b88-bdbc-58f8aabe678e,sample_a5,9,3,3,3,PASS,PASS,141
81c37b1b-8f6c-4b88-bdbc-58f8aabe678e,sample_b4,10,4,4,3,PASS,PASS,141
81c37b1b-8f6c-4b88-bdbc-58f8aabe678e,sample_a4,11,4,4,4,PASS,PASS,141
81c37b1b-8f6c-4b88-bdbc-58f8aabe678e,sample_a3,12,3,3,3,PASS,PASS,141
81c37b1b-8f6c-4b88-bdbc-58f8aabe678e,sample_b3,13,3,5,2,PASS,PASS,141
81c37b1b-8f6c-4b88-bdbc-58f8aabe678e,sample_b6,14,4,3,3,PASS,PASS,141
42303be2-add4-43e3-8567-e56acfce705e,sample_tr1,1,4,5,5,FAIL,PASS,123
42303be2-add4-43e3-8567-e56acfce705e,sample_b2,2,4,5,4,FAIL,PASS,123
42303be2-add4-43e3-8567-e56acfce705e,sample_a6,3,3,3,3,FAIL,PASS,123
42303be2-add4-43e3-8567-e56acfce705e,sample_a2,4,4,4,5,FAIL,PASS,123
42303be2-add4-43e3-8567-e56acfce705e,sample_a1,5,3,3,3,FAIL,PASS,123
42303be2-add4-43e3-8567-e56acfce705e,sample_a3,6,4,4,4,FAIL,PASS,123
42303be2-add4-43e3-8567-e56acfce705e,sample_b6,7,1,3,4,FAIL,PASS,123
42303be2-add4-43e3-8567-e56acfce705e,sample_attn,8,1,5,3,FAIL,PASS,123
42303be2-add4-43e3-8567-e56acfce705e,sample_a5,9,4,5,4,FAIL,PASS,123
42303be2-add4-43e3-8567-e56acfce705e,sample_b3,10,3,3,3,FAIL,PASS,123
42303be2-add4-43e3-8567-e56acfce705e,sample_b4,11,2,3,4,FAIL,PASS,123
42303be2-add4-43e3-8567-e56acfce705e,sample_b1,12,3,3,3,FAIL,PASS,123
42303be2-add4-43e3-8567-e56acfce705e,sample_b5,13,4,4,4,FAIL,PASS,123
42303be2-add4-43e3-8567-e56acfce705e,sample_a4,14,3,4,4,FAIL,PASS,123
46b2ab37-9dd3-46b5-9ac5-f527d5e992ea,sample_tr1,1,3,5,4,FAIL,PASS,127
46b2ab37-9dd3-46b5-9ac5-f527d5e992ea,sample_a6,2,4,5,5,FAIL,PASS,127
46b2ab37-9dd3-46b5-9ac5-f527d5e992ea,sample_b1,3,3,5,4,FAIL,PASS,127
46b2ab37-9dd3-46b5-9ac5-f527d5e992ea,sample_a3,4,4,5,5,FAIL,PASS,127
46b2ab37-9dd3-46b5-9ac5-f527d5e992ea,sample_a4,5,5,5,4,FAIL,PASS,127
46b2ab37-9dd3-46b5-9ac5-f527d5e992ea,sample_b5,6,3,3,3,FAIL,PASS,127
46b2ab37-9dd3-46b5-9ac5-f527d5e992ea,sample_b3,7,3,5,2,FAIL,PASS,127
46b2ab37-9dd3-46b5-9ac5-f527d5e992ea,sample_attn,8,1,5,3,FAIL,PASS,127
46b2ab37-9dd3-46b5-9ac5-f527d5e992ea,sample_b6,9,3,3,3,FAIL,PASS,127
46b2ab37-9dd3-46b5-9ac5-f527d5e992ea,sample_a2,10,5,4,5,FAIL,PASS,127
46b2ab37-9dd3-46b5-9ac5-f527d5e992ea,sample_a5,11,3,3,3,FAIL,PASS,127
46b2ab37-9dd3-46b5-9ac5-f527d5e992ea,sample_b4,12,4,4,3,FAIL,PASS,127
46b2ab37-9dd3-46b5-9ac5-f527d5e992ea,sample_b2,13,3,3,3,FAIL,PASS,127
46b2ab37-9dd3-46b5-9ac5-f527d5e992ea,sample_a1,14,4,5,5,FAIL,PASS,127